skewness,replicate,gini,concentration,method,eco_weight,budget_fraction,compressed_units,mean_alt_index,n_cheapest,n_best_conservation,n_unique_alts
uniform,0,0.26908936298300357,0.08250967732647223,global_linear,0.5,0.15,0,0.5454545454545454,14,0,4
uniform,0,0.26908936298300357,0.08250967732647223,global_linear,0.5,0.3,0,0.5454545454545454,14,0,4
uniform,0,0.26908936298300357,0.08250967732647223,global_linear,0.5,0.5,0,0.5454545454545454,14,0,4
uniform,0,0.26908936298300357,0.08250967732647223,global_linear,0.8,0.15,0,0.9090909090909091,14,1,5
uniform,0,0.26908936298300357,0.08250967732647223,global_linear,0.8,0.3,0,1.9545454545454546,12,4,6
uniform,0,0.26908936298300357,0.08250967732647223,global_linear,0.8,0.5,0,3.5454545454545454,7,9,6
uniform,0,0.26908936298300357,0.08250967732647223,vector,0.5,0.15,4,0.0,22,0,1
uniform,0,0.26908936298300357,0.08250967732647223,vector,0.5,0.3,4,0.0,22,0,1
uniform,0,0.26908936298300357,0.08250967732647223,vector,0.5,0.5,4,0.0,22,0,1
uniform,0,0.26908936298300357,0.08250967732647223,vector,0.8,0.15,4,0.5,14,0,4
uniform,0,0.26908936298300357,0.08250967732647223,vector,0.8,0.3,4,0.5,14,0,4
uniform,0,0.26908936298300357,0.08250967732647223,vector,0.8,0.5,4,0.5,14,0,4
uniform,0,0.26908936298300357,0.08250967732647223,within_unit,0.5,0.15,0,0.8636363636363636,9,0,4
uniform,0,0.26908936298300357,0.08250967732647223,within_unit,0.5,0.3,0,1.9090909090909092,4,1,7
uniform,0,0.26908936298300357,0.08250967732647223,within_unit,0.5,0.5,0,3.409090909090909,2,3,8
uniform,0,0.26908936298300357,0.08250967732647223,within_unit,0.8,0.15,0,0.9090909090909091,8,0,4
uniform,0,0.26908936298300357,0.08250967732647223,within_unit,0.8,0.3,0,2.090909090909091,2,0,6
uniform,0,0.26908936298300357,0.08250967732647223,within_unit,0.8,0.5,0,3.8636363636363638,1,5,7
uniform,1,0.31517361399762356,0.08226620231887978,global_linear,0.5,0.15,0,0.4090909090909091,18,0,4
uniform,1,0.31517361399762356,0.08226620231887978,global_linear,0.5,0.3,0,0.4090909090909091,18,0,4
uniform,1,0.31517361399762356,0.08226620231887978,global_linear,0.5,0.5,0,0.4090909090909091,18,0,4
uniform,1,0.31517361399762356,0.08226620231887978,global_linear,0.8,0.15,0,0.9545454545454546,14,1,5
uniform,1,0.31517361399762356,0.08226620231887978,global_linear,0.8,0.3,0,2.1818181818181817,10,3,6
uniform,1,0.31517361399762356,0.08226620231887978,global_linear,0.8,0.5,0,3.5454545454545454,8,4,6
uniform,1,0.31517361399762356,0.08226620231887978,vector,0.5,0.15,6,0.0,22,0,1
uniform,1,0.31517361399762356,0.08226620231887978,vector,0.5,0.3,6,0.0,22,0,1
uniform,1,0.31517361399762356,0.08226620231887978,vector,0.5,0.5,6,0.0,22,0,1
uniform,1,0.31517361399762356,0.08226620231887978,vector,0.8,0.15,6,0.4090909090909091,18,0,4
uniform,1,0.31517361399762356,0.08226620231887978,vector,0.8,0.3,6,0.4090909090909091,18,0,4
uniform,1,0.31517361399762356,0.08226620231887978,vector,0.8,0.5,6,0.4090909090909091,18,0,4
uniform,1,0.31517361399762356,0.08226620231887978,within_unit,0.5,0.15,0,0.9090909090909091,9,0,5
uniform,1,0.31517361399762356,0.08226620231887978,within_unit,0.5,0.3,0,2.0,4,0,6
uniform,1,0.31517361399762356,0.08226620231887978,within_unit,0.5,0.5,0,3.4545454545454546,3,1,8
uniform,1,0.31517361399762356,0.08226620231887978,within_unit,0.8,0.15,0,1.0,10,0,6
uniform,1,0.31517361399762356,0.08226620231887978,within_unit,0.8,0.3,0,2.1818181818181817,6,0,7
uniform,1,0.31517361399762356,0.08226620231887978,within_unit,0.8,0.5,0,3.8181818181818183,0,3,7
uniform,2,0.22843728033097022,0.06980665334196254,global_linear,0.5,0.15,0,0.8636363636363636,14,0,5
uniform,2,0.22843728033097022,0.06980665334196254,global_linear,0.5,0.3,0,1.2727272727272727,13,1,6
uniform,2,0.22843728033097022,0.06980665334196254,global_linear,0.5,0.5,0,1.2727272727272727,13,1,6
uniform,2,0.22843728033097022,0.06980665334196254,global_linear,0.8,0.15,0,1.0,13,1,6
uniform,2,0.22843728033097022,0.06980665334196254,global_linear,0.8,0.3,0,2.1818181818181817,11,4,6
uniform,2,0.22843728033097022,0.06980665334196254,global_linear,0.8,0.5,0,3.6818181818181817,5,6,6
uniform,2,0.22843728033097022,0.06980665334196254,vector,0.5,0.15,3,0.045454545454545456,21,0,2
uniform,2,0.22843728033097022,0.06980665334196254,vector,0.5,0.3,3,0.045454545454545456,21,0,2
uniform,2,0.22843728033097022,0.06980665334196254,vector,0.5,0.5,3,0.045454545454545456,21,0,2
uniform,2,0.22843728033097022,0.06980665334196254,vector,0.8,0.15,3,0.4090909090909091,15,0,3
uniform,2,0.22843728033097022,0.06980665334196254,vector,0.8,0.3,3,0.4090909090909091,15,0,3
uniform,2,0.22843728033097022,0.06980665334196254,vector,0.8,0.5,3,0.4090909090909091,15,0,3
uniform,2,0.22843728033097022,0.06980665334196254,within_unit,0.5,0.15,0,0.9545454545454546,10,0,5
uniform,2,0.22843728033097022,0.06980665334196254,within_unit,0.5,0.3,0,1.9545454545454546,5,0,7
uniform,2,0.22843728033097022,0.06980665334196254,within_unit,0.5,0.5,0,3.4545454545454546,0,0,6
uniform,2,0.22843728033097022,0.06980665334196254,within_unit,0.8,0.15,0,0.9545454545454546,9,0,4
uniform,2,0.22843728033097022,0.06980665334196254,within_unit,0.8,0.3,0,2.227272727272727,2,0,6
uniform,2,0.22843728033097022,0.06980665334196254,within_unit,0.8,0.5,0,3.8181818181818183,0,2,7
uniform,3,0.22381892891426802,0.07582329231004525,global_linear,0.5,0.15,0,0.7727272727272727,13,0,5
uniform,3,0.22381892891426802,0.07582329231004525,global_linear,0.5,0.3,0,0.9090909090909091,13,0,5
uniform,3,0.22381892891426802,0.07582329231004525,global_linear,0.5,0.5,0,0.9090909090909091,13,0,5
uniform,3,0.22381892891426802,0.07582329231004525,global_linear,0.8,0.15,0,0.9545454545454546,15,0,4
uniform,3,0.22381892891426802,0.07582329231004525,global_linear,0.8,0.3,0,2.090909090909091,10,2,6
uniform,3,0.22381892891426802,0.07582329231004525,global_linear,0.8,0.5,0,3.5454545454545454,6,5,6
uniform,3,0.22381892891426802,0.07582329231004525,vector,0.5,0.15,0,0.045454545454545456,21,0,2
uniform,3,0.22381892891426802,0.07582329231004525,vector,0.5,0.3,0,0.045454545454545456,21,0,2
uniform,3,0.22381892891426802,0.07582329231004525,vector,0.5,0.5,0,0.045454545454545456,21,0,2
uniform,3,0.22381892891426802,0.07582329231004525,vector,0.8,0.15,0,0.5,15,0,4
uniform,3,0.22381892891426802,0.07582329231004525,vector,0.8,0.3,0,0.5,15,0,4
uniform,3,0.22381892891426802,0.07582329231004525,vector,0.8,0.5,0,0.5,15,0,4
uniform,3,0.22381892891426802,0.07582329231004525,within_unit,0.5,0.15,0,0.9090909090909091,10,0,4
uniform,3,0.22381892891426802,0.07582329231004525,within_unit,0.5,0.3,0,1.9545454545454546,3,0,6
uniform,3,0.22381892891426802,0.07582329231004525,within_unit,0.5,0.5,0,3.272727272727273,1,2,8
uniform,3,0.22381892891426802,0.07582329231004525,within_unit,0.8,0.15,0,0.9090909090909091,10,0,4
uniform,3,0.22381892891426802,0.07582329231004525,within_unit,0.8,0.3,0,2.1363636363636362,5,0,6
uniform,3,0.22381892891426802,0.07582329231004525,within_unit,0.8,0.5,0,3.772727272727273,1,5,7
uniform,4,0.28046393318826235,0.08033609650806843,global_linear,0.5,0.15,0,0.7727272727272727,16,1,5
uniform,4,0.28046393318826235,0.08033609650806843,global_linear,0.5,0.3,0,0.8636363636363636,16,1,5
uniform,4,0.28046393318826235,0.08033609650806843,global_linear,0.5,0.5,0,0.8636363636363636,16,1,5
uniform,4,0.28046393318826235,0.08033609650806843,global_linear,0.8,0.15,0,0.9090909090909091,16,2,4
uniform,4,0.28046393318826235,0.08033609650806843,global_linear,0.8,0.3,0,2.1818181818181817,12,2,7
uniform,4,0.28046393318826235,0.08033609650806843,global_linear,0.8,0.5,0,3.5454545454545454,8,6,6
uniform,4,0.28046393318826235,0.08033609650806843,vector,0.5,0.15,2,0.0,22,0,1
uniform,4,0.28046393318826235,0.08033609650806843,vector,0.5,0.3,2,0.0,22,0,1
uniform,4,0.28046393318826235,0.08033609650806843,vector,0.5,0.5,2,0.0,22,0,1
uniform,4,0.28046393318826235,0.08033609650806843,vector,0.8,0.15,2,0.7727272727272727,16,1,5
uniform,4,0.28046393318826235,0.08033609650806843,vector,0.8,0.3,2,0.8636363636363636,16,1,5
uniform,4,0.28046393318826235,0.08033609650806843,vector,0.8,0.5,2,0.8636363636363636,16,1,5
uniform,4,0.28046393318826235,0.08033609650806843,within_unit,0.5,0.15,0,0.8636363636363636,13,0,5
uniform,4,0.28046393318826235,0.08033609650806843,within_unit,0.5,0.3,0,1.9090909090909092,7,0,7
uniform,4,0.28046393318826235,0.08033609650806843,within_unit,0.5,0.5,0,3.5454545454545454,1,3,8
uniform,4,0.28046393318826235,0.08033609650806843,within_unit,0.8,0.15,0,0.9545454545454546,13,0,5
uniform,4,0.28046393318826235,0.08033609650806843,within_unit,0.8,0.3,0,2.227272727272727,7,1,7
uniform,4,0.28046393318826235,0.08033609650806843,within_unit,0.8,0.5,0,3.8636363636363638,2,4,8
uniform,5,0.2666681755170288,0.08525408463999015,global_linear,0.5,0.15,0,0.5909090909090909,14,0,4
uniform,5,0.2666681755170288,0.08525408463999015,global_linear,0.5,0.3,0,0.5909090909090909,14,0,4
uniform,5,0.2666681755170288,0.08525408463999015,global_linear,0.5,0.5,0,0.5909090909090909,14,0,4
uniform,5,0.2666681755170288,0.08525408463999015,global_linear,0.8,0.15,0,0.9090909090909091,15,1,6
uniform,5,0.2666681755170288,0.08525408463999015,global_linear,0.8,0.3,0,2.1363636363636362,12,2,6
uniform,5,0.2666681755170288,0.08525408463999015,global_linear,0.8,0.5,0,3.5454545454545454,5,7,8
uniform,5,0.2666681755170288,0.08525408463999015,vector,0.5,0.15,3,0.045454545454545456,21,0,2
uniform,5,0.2666681755170288,0.08525408463999015,vector,0.5,0.3,3,0.045454545454545456,21,0,2
uniform,5,0.2666681755170288,0.08525408463999015,vector,0.5,0.5,3,0.045454545454545456,21,0,2
uniform,5,0.2666681755170288,0.08525408463999015,vector,0.8,0.15,3,0.5909090909090909,14,0,4
uniform,5,0.2666681755170288,0.08525408463999015,vector,0.8,0.3,3,0.5909090909090909,14,0,4
uniform,5,0.2666681755170288,0.08525408463999015,vector,0.8,0.5,3,0.5909090909090909,14,0,4
uniform,5,0.2666681755170288,0.08525408463999015,within_unit,0.5,0.15,0,0.8636363636363636,12,0,4
uniform,5,0.2666681755170288,0.08525408463999015,within_unit,0.5,0.3,0,1.9545454545454546,6,0,7
uniform,5,0.2666681755170288,0.08525408463999015,within_unit,0.5,0.5,0,3.409090909090909,1,1,8
uniform,5,0.2666681755170288,0.08525408463999015,within_unit,0.8,0.15,0,0.9545454545454546,12,0,4
uniform,5,0.2666681755170288,0.08525408463999015,within_unit,0.8,0.3,0,2.1363636363636362,6,0,7
uniform,5,0.2666681755170288,0.08525408463999015,within_unit,0.8,0.5,0,3.727272727272727,0,2,7
uniform,6,0.20354921785216717,0.06988140362133417,global_linear,0.5,0.15,0,0.7727272727272727,15,0,5
uniform,6,0.20354921785216717,0.06988140362133417,global_linear,0.5,0.3,0,1.0,12,0,5
uniform,6,0.20354921785216717,0.06988140362133417,global_linear,0.5,0.5,0,1.0,12,0,5
uniform,6,0.20354921785216717,0.06988140362133417,global_linear,0.8,0.15,0,0.8636363636363636,15,0,4
uniform,6,0.20354921785216717,0.06988140362133417,global_linear,0.8,0.3,0,2.0,10,0,4
uniform,6,0.20354921785216717,0.06988140362133417,global_linear,0.8,0.5,0,3.409090909090909,7,1,7
uniform,6,0.20354921785216717,0.06988140362133417,vector,0.5,0.15,2,0.0,22,0,1
uniform,6,0.20354921785216717,0.06988140362133417,vector,0.5,0.3,2,0.0,22,0,1
uniform,6,0.20354921785216717,0.06988140362133417,vector,0.5,0.5,2,0.0,22,0,1
uniform,6,0.20354921785216717,0.06988140362133417,vector,0.8,0.15,2,0.36363636363636365,16,0,3
uniform,6,0.20354921785216717,0.06988140362133417,vector,0.8,0.3,2,0.36363636363636365,16,0,3
uniform,6,0.20354921785216717,0.06988140362133417,vector,0.8,0.5,2,0.36363636363636365,16,0,3
uniform,6,0.20354921785216717,0.06988140362133417,within_unit,0.5,0.15,0,0.8181818181818182,13,0,4
uniform,6,0.20354921785216717,0.06988140362133417,within_unit,0.5,0.3,0,2.0,6,0,6
uniform,6,0.20354921785216717,0.06988140362133417,within_unit,0.5,0.5,0,3.409090909090909,3,0,6
uniform,6,0.20354921785216717,0.06988140362133417,within_unit,0.8,0.15,0,0.8636363636363636,13,0,5
uniform,6,0.20354921785216717,0.06988140362133417,within_unit,0.8,0.3,0,2.0454545454545454,9,0,6
uniform,6,0.20354921785216717,0.06988140362133417,within_unit,0.8,0.5,0,3.6363636363636362,2,2,7
uniform,7,0.2472320418231706,0.07853819542891016,global_linear,0.5,0.15,0,0.5909090909090909,15,0,4
uniform,7,0.2472320418231706,0.07853819542891016,global_linear,0.5,0.3,0,0.8636363636363636,15,1,5
uniform,7,0.2472320418231706,0.07853819542891016,global_linear,0.5,0.5,0,0.8636363636363636,15,1,5
uniform,7,0.2472320418231706,0.07853819542891016,global_linear,0.8,0.15,0,0.9090909090909091,14,0,6
uniform,7,0.2472320418231706,0.07853819542891016,global_linear,0.8,0.3,0,2.090909090909091,10,2,8
uniform,7,0.2472320418231706,0.07853819542891016,global_linear,0.8,0.5,0,3.590909090909091,6,4,7
uniform,7,0.2472320418231706,0.07853819542891016,vector,0.5,0.15,3,0.045454545454545456,21,0,2
uniform,7,0.2472320418231706,0.07853819542891016,vector,0.5,0.3,3,0.045454545454545456,21,0,2
uniform,7,0.2472320418231706,0.07853819542891016,vector,0.5,0.5,3,0.045454545454545456,21,0,2
uniform,7,0.2472320418231706,0.07853819542891016,vector,0.8,0.15,3,0.5909090909090909,15,0,4
uniform,7,0.2472320418231706,0.07853819542891016,vector,0.8,0.3,3,0.5909090909090909,15,0,4
uniform,7,0.2472320418231706,0.07853819542891016,vector,0.8,0.5,3,0.5909090909090909,15,0,4
uniform,7,0.2472320418231706,0.07853819542891016,within_unit,0.5,0.15,0,0.9545454545454546,12,0,5
uniform,7,0.2472320418231706,0.07853819542891016,within_unit,0.5,0.3,0,2.090909090909091,5,0,7
uniform,7,0.2472320418231706,0.07853819542891016,within_unit,0.5,0.5,0,3.6363636363636362,1,1,8
uniform,7,0.2472320418231706,0.07853819542891016,within_unit,0.8,0.15,0,0.9545454545454546,11,0,5
uniform,7,0.2472320418231706,0.07853819542891016,within_unit,0.8,0.3,0,2.272727272727273,5,1,8
uniform,7,0.2472320418231706,0.07853819542891016,within_unit,0.8,0.5,0,4.0,1,4,8
uniform,8,0.19718093197133157,0.07164416734141019,global_linear,0.5,0.15,0,0.3181818181818182,15,0,2
uniform,8,0.19718093197133157,0.07164416734141019,global_linear,0.5,0.3,0,0.3181818181818182,15,0,2
uniform,8,0.19718093197133157,0.07164416734141019,global_linear,0.5,0.5,0,0.3181818181818182,15,0,2
uniform,8,0.19718093197133157,0.07164416734141019,global_linear,0.8,0.15,0,0.9545454545454546,13,2,3
uniform,8,0.19718093197133157,0.07164416734141019,global_linear,0.8,0.3,0,2.1818181818181817,9,3,6
uniform,8,0.19718093197133157,0.07164416734141019,global_linear,0.8,0.5,0,3.6363636363636362,4,5,7
uniform,8,0.19718093197133157,0.07164416734141019,vector,0.5,0.15,1,0.0,22,0,1
uniform,8,0.19718093197133157,0.07164416734141019,vector,0.5,0.3,1,0.0,22,0,1
uniform,8,0.19718093197133157,0.07164416734141019,vector,0.5,0.5,1,0.0,22,0,1
uniform,8,0.19718093197133157,0.07164416734141019,vector,0.8,0.15,1,0.2727272727272727,16,0,2
uniform,8,0.19718093197133157,0.07164416734141019,vector,0.8,0.3,1,0.2727272727272727,16,0,2
uniform,8,0.19718093197133157,0.07164416734141019,vector,0.8,0.5,1,0.2727272727272727,16,0,2
uniform,8,0.19718093197133157,0.07164416734141019,within_unit,0.5,0.15,0,0.8636363636363636,10,0,4
uniform,8,0.19718093197133157,0.07164416734141019,within_unit,0.5,0.3,0,1.9090909090909092,6,1,7
uniform,8,0.19718093197133157,0.07164416734141019,within_unit,0.5,0.5,0,3.590909090909091,3,4,7
uniform,8,0.19718093197133157,0.07164416734141019,within_unit,0.8,0.15,0,0.9090909090909091,9,0,4
uniform,8,0.19718093197133157,0.07164416734141019,within_unit,0.8,0.3,0,2.1363636363636362,7,1,7
uniform,8,0.19718093197133157,0.07164416734141019,within_unit,0.8,0.5,0,3.6818181818181817,2,4,7
uniform,9,0.247075398353102,0.07459508538450751,global_linear,0.5,0.15,0,0.7727272727272727,14,1,5
uniform,9,0.247075398353102,0.07459508538450751,global_linear,0.5,0.3,0,0.9545454545454546,14,2,4
uniform,9,0.247075398353102,0.07459508538450751,global_linear,0.5,0.5,0,0.9545454545454546,14,2,4
uniform,9,0.247075398353102,0.07459508538450751,global_linear,0.8,0.15,0,1.0,17,2,5
uniform,9,0.247075398353102,0.07459508538450751,global_linear,0.8,0.3,0,2.1363636363636362,11,2,7
uniform,9,0.247075398353102,0.07459508538450751,global_linear,0.8,0.5,0,3.590909090909091,6,4,7
uniform,9,0.247075398353102,0.07459508538450751,vector,0.5,0.15,4,0.0,22,0,1
uniform,9,0.247075398353102,0.07459508538450751,vector,0.5,0.3,4,0.0,22,0,1
uniform,9,0.247075398353102,0.07459508538450751,vector,0.5,0.5,4,0.0,22,0,1
uniform,9,0.247075398353102,0.07459508538450751,vector,0.8,0.15,4,0.2727272727272727,17,0,3
uniform,9,0.247075398353102,0.07459508538450751,vector,0.8,0.3,4,0.2727272727272727,17,0,3
uniform,9,0.247075398353102,0.07459508538450751,vector,0.8,0.5,4,0.2727272727272727,17,0,3
uniform,9,0.247075398353102,0.07459508538450751,within_unit,0.5,0.15,0,0.8181818181818182,10,0,3
uniform,9,0.247075398353102,0.07459508538450751,within_unit,0.5,0.3,0,1.8636363636363635,8,0,7
uniform,9,0.247075398353102,0.07459508538450751,within_unit,0.5,0.5,0,3.272727272727273,4,0,7
uniform,9,0.247075398353102,0.07459508538450751,within_unit,0.8,0.15,0,0.9090909090909091,13,0,5
uniform,9,0.247075398353102,0.07459508538450751,within_unit,0.8,0.3,0,2.1818181818181817,6,1,7
uniform,9,0.247075398353102,0.07459508538450751,within_unit,0.8,0.5,0,3.772727272727273,3,3,8
uniform,10,0.21309931754475686,0.06754805408111397,global_linear,0.5,0.15,0,0.8636363636363636,12,0,5
uniform,10,0.21309931754475686,0.06754805408111397,global_linear,0.5,0.3,0,1.1363636363636365,11,0,6
uniform,10,0.21309931754475686,0.06754805408111397,global_linear,0.5,0.5,0,1.1363636363636365,11,0,6
uniform,10,0.21309931754475686,0.06754805408111397,global_linear,0.8,0.15,0,0.9090909090909091,11,0,5
uniform,10,0.21309931754475686,0.06754805408111397,global_linear,0.8,0.3,0,2.1363636363636362,9,0,7
uniform,10,0.21309931754475686,0.06754805408111397,global_linear,0.8,0.5,0,3.6363636363636362,7,3,7
uniform,10,0.21309931754475686,0.06754805408111397,vector,0.5,0.15,4,0.0,22,0,1
uniform,10,0.21309931754475686,0.06754805408111397,vector,0.5,0.3,4,0.0,22,0,1
uniform,10,0.21309931754475686,0.06754805408111397,vector,0.5,0.5,4,0.0,22,0,1
uniform,10,0.21309931754475686,0.06754805408111397,vector,0.8,0.15,4,0.5,15,0,4
uniform,10,0.21309931754475686,0.06754805408111397,vector,0.8,0.3,4,0.5,15,0,4
uniform,10,0.21309931754475686,0.06754805408111397,vector,0.8,0.5,4,0.5,15,0,4
uniform,10,0.21309931754475686,0.06754805408111397,within_unit,0.5,0.15,0,0.8181818181818182,10,0,4
uniform,10,0.21309931754475686,0.06754805408111397,within_unit,0.5,0.3,0,2.0,5,0,6
uniform,10,0.21309931754475686,0.06754805408111397,within_unit,0.5,0.5,0,3.5454545454545454,3,0,7
uniform,10,0.21309931754475686,0.06754805408111397,within_unit,0.8,0.15,0,0.9545454545454546,11,0,5
uniform,10,0.21309931754475686,0.06754805408111397,within_unit,0.8,0.3,0,2.227272727272727,5,0,7
uniform,10,0.21309931754475686,0.06754805408111397,within_unit,0.8,0.5,0,3.772727272727273,2,2,8
uniform,11,0.22334810512091963,0.07565598293066815,global_linear,0.5,0.15,0,0.4090909090909091,13,0,2
uniform,11,0.22334810512091963,0.07565598293066815,global_linear,0.5,0.3,0,0.4090909090909091,13,0,2
uniform,11,0.22334810512091963,0.07565598293066815,global_linear,0.5,0.5,0,0.4090909090909091,13,0,2
uniform,11,0.22334810512091963,0.07565598293066815,global_linear,0.8,0.15,0,1.0,14,1,5
uniform,11,0.22334810512091963,0.07565598293066815,global_linear,0.8,0.3,0,2.227272727272727,9,1,7
uniform,11,0.22334810512091963,0.07565598293066815,global_linear,0.8,0.5,0,3.772727272727273,5,3,7
uniform,11,0.22334810512091963,0.07565598293066815,vector,0.5,0.15,2,0.0,22,0,1
uniform,11,0.22334810512091963,0.07565598293066815,vector,0.5,0.3,2,0.0,22,0,1
uniform,11,0.22334810512091963,0.07565598293066815,vector,0.5,0.5,2,0.0,22,0,1
uniform,11,0.22334810512091963,0.07565598293066815,vector,0.8,0.15,2,0.3181818181818182,15,0,2
uniform,11,0.22334810512091963,0.07565598293066815,vector,0.8,0.3,2,0.3181818181818182,15,0,2
uniform,11,0.22334810512091963,0.07565598293066815,vector,0.8,0.5,2,0.3181818181818182,15,0,2
uniform,11,0.22334810512091963,0.07565598293066815,within_unit,0.5,0.15,0,0.9090909090909091,9,0,5
uniform,11,0.22334810512091963,0.07565598293066815,within_unit,0.5,0.3,0,2.0454545454545454,5,0,7
uniform,11,0.22334810512091963,0.07565598293066815,within_unit,0.5,0.5,0,3.8181818181818183,1,1,7
uniform,11,0.22334810512091963,0.07565598293066815,within_unit,0.8,0.15,0,0.9090909090909091,8,0,4
uniform,11,0.22334810512091963,0.07565598293066815,within_unit,0.8,0.3,0,2.3181818181818183,6,0,6
uniform,11,0.22334810512091963,0.07565598293066815,within_unit,0.8,0.5,0,4.045454545454546,1,3,8
uniform,12,0.22153804905157504,0.07865960317685006,global_linear,0.5,0.15,0,0.7272727272727273,16,1,4
uniform,12,0.22153804905157504,0.07865960317685006,global_linear,0.5,0.3,0,0.7272727272727273,16,1,4
uniform,12,0.22153804905157504,0.07865960317685006,global_linear,0.5,0.5,0,0.7272727272727273,16,1,4
uniform,12,0.22153804905157504,0.07865960317685006,global_linear,0.8,0.15,0,1.0,18,2,4
uniform,12,0.22153804905157504,0.07865960317685006,global_linear,0.8,0.3,0,2.1818181818181817,11,4,6
uniform,12,0.22153804905157504,0.07865960317685006,global_linear,0.8,0.5,0,3.6818181818181817,6,8,6
uniform,12,0.22153804905157504,0.07865960317685006,vector,0.5,0.15,0,0.0,22,0,1
uniform,12,0.22153804905157504,0.07865960317685006,vector,0.5,0.3,0,0.0,22,0,1
uniform,12,0.22153804905157504,0.07865960317685006,vector,0.5,0.5,0,0.0,22,0,1
uniform,12,0.22153804905157504,0.07865960317685006,vector,0.8,0.15,0,0.45454545454545453,16,0,3
uniform,12,0.22153804905157504,0.07865960317685006,vector,0.8,0.3,0,0.45454545454545453,16,0,3
uniform,12,0.22153804905157504,0.07865960317685006,vector,0.8,0.5,0,0.45454545454545453,16,0,3
uniform,12,0.22153804905157504,0.07865960317685006,within_unit,0.5,0.15,0,0.9090909090909091,10,0,4
uniform,12,0.22153804905157504,0.07865960317685006,within_unit,0.5,0.3,0,1.9090909090909092,4,0,5
uniform,12,0.22153804905157504,0.07865960317685006,within_unit,0.5,0.5,0,3.5454545454545454,1,2,7
uniform,12,0.22153804905157504,0.07865960317685006,within_unit,0.8,0.15,0,0.9545454545454546,10,0,4
uniform,12,0.22153804905157504,0.07865960317685006,within_unit,0.8,0.3,0,2.227272727272727,4,2,7
uniform,12,0.22153804905157504,0.07865960317685006,within_unit,0.8,0.5,0,3.8636363636363638,2,3,8
uniform,13,0.22306316629672662,0.07280015003202508,global_linear,0.5,0.15,0,0.6818181818181818,15,0,4
uniform,13,0.22306316629672662,0.07280015003202508,global_linear,0.5,0.3,0,0.6818181818181818,15,0,4
uniform,13,0.22306316629672662,0.07280015003202508,global_linear,0.5,0.5,0,0.6818181818181818,15,0,4
uniform,13,0.22306316629672662,0.07280015003202508,global_linear,0.8,0.15,0,1.0,16,0,5
uniform,13,0.22306316629672662,0.07280015003202508,global_linear,0.8,0.3,0,2.1363636363636362,11,2,8
uniform,13,0.22306316629672662,0.07280015003202508,global_linear,0.8,0.5,0,3.727272727272727,7,6,7
uniform,13,0.22306316629672662,0.07280015003202508,vector,0.5,0.15,3,0.0,22,0,1
uniform,13,0.22306316629672662,0.07280015003202508,vector,0.5,0.3,3,0.0,22,0,1
uniform,13,0.22306316629672662,0.07280015003202508,vector,0.5,0.5,3,0.0,22,0,1
uniform,13,0.22306316629672662,0.07280015003202508,vector,0.8,0.15,3,0.2727272727272727,17,0,3
uniform,13,0.22306316629672662,0.07280015003202508,vector,0.8,0.3,3,0.2727272727272727,17,0,3
uniform,13,0.22306316629672662,0.07280015003202508,vector,0.8,0.5,3,0.2727272727272727,17,0,3
uniform,13,0.22306316629672662,0.07280015003202508,within_unit,0.5,0.15,0,0.8636363636363636,10,0,4
uniform,13,0.22306316629672662,0.07280015003202508,within_unit,0.5,0.3,0,2.0,7,0,7
uniform,13,0.22306316629672662,0.07280015003202508,within_unit,0.5,0.5,0,3.4545454545454546,2,2,8
uniform,13,0.22306316629672662,0.07280015003202508,within_unit,0.8,0.15,0,0.9545454545454546,13,0,6
uniform,13,0.22306316629672662,0.07280015003202508,within_unit,0.8,0.3,0,2.1818181818181817,5,1,8
uniform,13,0.22306316629672662,0.07280015003202508,within_unit,0.8,0.5,0,4.0,2,4,8
uniform,14,0.29122108831952076,0.08575087772515169,global_linear,0.5,0.15,0,0.8181818181818182,13,0,5
uniform,14,0.29122108831952076,0.08575087772515169,global_linear,0.5,0.3,0,1.0,12,0,5
uniform,14,0.29122108831952076,0.08575087772515169,global_linear,0.5,0.5,0,1.0,12,0,5
uniform,14,0.29122108831952076,0.08575087772515169,global_linear,0.8,0.15,0,0.9545454545454546,14,1,6
uniform,14,0.29122108831952076,0.08575087772515169,global_linear,0.8,0.3,0,2.090909090909091,11,2,7
uniform,14,0.29122108831952076,0.08575087772515169,global_linear,0.8,0.5,0,3.4545454545454546,7,7,7
uniform,14,0.29122108831952076,0.08575087772515169,vector,0.5,0.15,4,0.0,22,0,1
uniform,14,0.29122108831952076,0.08575087772515169,vector,0.5,0.3,4,0.0,22,0,1
uniform,14,0.29122108831952076,0.08575087772515169,vector,0.5,0.5,4,0.0,22,0,1
uniform,14,0.29122108831952076,0.08575087772515169,vector,0.8,0.15,4,0.7727272727272727,14,0,5
uniform,14,0.29122108831952076,0.08575087772515169,vector,0.8,0.3,4,0.7727272727272727,14,0,5
uniform,14,0.29122108831952076,0.08575087772515169,vector,0.8,0.5,4,0.7727272727272727,14,0,5
uniform,14,0.29122108831952076,0.08575087772515169,within_unit,0.5,0.15,0,0.8636363636363636,10,0,5
uniform,14,0.29122108831952076,0.08575087772515169,within_unit,0.5,0.3,0,1.9090909090909092,6,0,6
uniform,14,0.29122108831952076,0.08575087772515169,within_unit,0.5,0.5,0,3.272727272727273,3,2,8
uniform,14,0.29122108831952076,0.08575087772515169,within_unit,0.8,0.15,0,0.9545454545454546,11,0,5
uniform,14,0.29122108831952076,0.08575087772515169,within_unit,0.8,0.3,0,2.1363636363636362,7,1,7
uniform,14,0.29122108831952076,0.08575087772515169,within_unit,0.8,0.5,0,3.772727272727273,3,4,8
uniform,15,0.3075261051196758,0.07948021736409988,global_linear,0.5,0.15,0,0.5454545454545454,16,0,4
uniform,15,0.3075261051196758,0.07948021736409988,global_linear,0.5,0.3,0,0.5454545454545454,16,0,4
uniform,15,0.3075261051196758,0.07948021736409988,global_linear,0.5,0.5,0,0.5454545454545454,16,0,4
uniform,15,0.3075261051196758,0.07948021736409988,global_linear,0.8,0.15,0,0.9090909090909091,15,1,6
uniform,15,0.3075261051196758,0.07948021736409988,global_linear,0.8,0.3,0,2.1363636363636362,12,3,6
uniform,15,0.3075261051196758,0.07948021736409988,global_linear,0.8,0.5,0,3.5454545454545454,8,6,7
uniform,15,0.3075261051196758,0.07948021736409988,vector,0.5,0.15,6,0.0,22,0,1
uniform,15,0.3075261051196758,0.07948021736409988,vector,0.5,0.3,6,0.0,22,0,1
uniform,15,0.3075261051196758,0.07948021736409988,vector,0.5,0.5,6,0.0,22,0,1
uniform,15,0.3075261051196758,0.07948021736409988,vector,0.8,0.15,6,0.18181818181818182,18,0,2
uniform,15,0.3075261051196758,0.07948021736409988,vector,0.8,0.3,6,0.18181818181818182,18,0,2
uniform,15,0.3075261051196758,0.07948021736409988,vector,0.8,0.5,6,0.18181818181818182,18,0,2
uniform,15,0.3075261051196758,0.07948021736409988,within_unit,0.5,0.15,0,0.8181818181818182,11,0,5
uniform,15,0.3075261051196758,0.07948021736409988,within_unit,0.5,0.3,0,2.0454545454545454,5,0,6
uniform,15,0.3075261051196758,0.07948021736409988,within_unit,0.5,0.5,0,3.4545454545454546,0,1,7
uniform,15,0.3075261051196758,0.07948021736409988,within_unit,0.8,0.15,0,0.9090909090909091,10,0,5
uniform,15,0.3075261051196758,0.07948021736409988,within_unit,0.8,0.3,0,2.1818181818181817,4,0,7
uniform,15,0.3075261051196758,0.07948021736409988,within_unit,0.8,0.5,0,3.8181818181818183,2,2,8
uniform,16,0.20622208607211068,0.06915835652347116,global_linear,0.5,0.15,0,0.8636363636363636,12,0,5
uniform,16,0.20622208607211068,0.06915835652347116,global_linear,0.5,0.3,0,0.9090909090909091,12,0,5
uniform,16,0.20622208607211068,0.06915835652347116,global_linear,0.5,0.5,0,0.9090909090909091,12,0,5
uniform,16,0.20622208607211068,0.06915835652347116,global_linear,0.8,0.15,0,0.9545454545454546,13,1,5
uniform,16,0.20622208607211068,0.06915835652347116,global_linear,0.8,0.3,0,2.1818181818181817,8,2,7
uniform,16,0.20622208607211068,0.06915835652347116,global_linear,0.8,0.5,0,3.6818181818181817,3,3,8
uniform,16,0.20622208607211068,0.06915835652347116,vector,0.5,0.15,1,0.0,22,0,1
uniform,16,0.20622208607211068,0.06915835652347116,vector,0.5,0.3,1,0.0,22,0,1
uniform,16,0.20622208607211068,0.06915835652347116,vector,0.5,0.5,1,0.0,22,0,1
uniform,16,0.20622208607211068,0.06915835652347116,vector,0.8,0.15,1,0.7727272727272727,13,0,5
uniform,16,0.20622208607211068,0.06915835652347116,vector,0.8,0.3,1,0.7727272727272727,13,0,5
uniform,16,0.20622208607211068,0.06915835652347116,vector,0.8,0.5,1,0.7727272727272727,13,0,5
uniform,16,0.20622208607211068,0.06915835652347116,within_unit,0.5,0.15,0,0.8636363636363636,7,0,3
uniform,16,0.20622208607211068,0.06915835652347116,within_unit,0.5,0.3,0,1.9545454545454546,2,0,6
uniform,16,0.20622208607211068,0.06915835652347116,within_unit,0.5,0.5,0,3.3636363636363638,1,1,8
uniform,16,0.20622208607211068,0.06915835652347116,within_unit,0.8,0.15,0,0.9090909090909091,8,0,4
uniform,16,0.20622208607211068,0.06915835652347116,within_unit,0.8,0.3,0,2.0454545454545454,2,0,6
uniform,16,0.20622208607211068,0.06915835652347116,within_unit,0.8,0.5,0,3.727272727272727,0,2,7
uniform,17,0.33263993216423793,0.09609060601940508,global_linear,0.5,0.15,0,0.5,16,0,4
uniform,17,0.33263993216423793,0.09609060601940508,global_linear,0.5,0.3,0,0.5,16,0,4
uniform,17,0.33263993216423793,0.09609060601940508,global_linear,0.5,0.5,0,0.5,16,0,4
uniform,17,0.33263993216423793,0.09609060601940508,global_linear,0.8,0.15,0,1.0,17,0,5
uniform,17,0.33263993216423793,0.09609060601940508,global_linear,0.8,0.3,0,2.1363636363636362,13,3,6
uniform,17,0.33263993216423793,0.09609060601940508,global_linear,0.8,0.5,0,3.590909090909091,6,5,7
uniform,17,0.33263993216423793,0.09609060601940508,vector,0.5,0.15,6,0.045454545454545456,21,0,2
uniform,17,0.33263993216423793,0.09609060601940508,vector,0.5,0.3,6,0.045454545454545456,21,0,2
uniform,17,0.33263993216423793,0.09609060601940508,vector,0.5,0.5,6,0.045454545454545456,21,0,2
uniform,17,0.33263993216423793,0.09609060601940508,vector,0.8,0.15,6,0.7272727272727273,16,1,5
uniform,17,0.33263993216423793,0.09609060601940508,vector,0.8,0.3,6,0.9090909090909091,16,1,6
uniform,17,0.33263993216423793,0.09609060601940508,vector,0.8,0.5,6,0.9090909090909091,16,1,6
uniform,17,0.33263993216423793,0.09609060601940508,within_unit,0.5,0.15,0,1.0,11,0,5
uniform,17,0.33263993216423793,0.09609060601940508,within_unit,0.5,0.3,0,2.1363636363636362,4,0,6
uniform,17,0.33263993216423793,0.09609060601940508,within_unit,0.5,0.5,0,3.6818181818181817,2,1,8
uniform,17,0.33263993216423793,0.09609060601940508,within_unit,0.8,0.15,0,1.0,11,0,5
uniform,17,0.33263993216423793,0.09609060601940508,within_unit,0.8,0.3,0,2.272727272727273,4,0,6
uniform,17,0.33263993216423793,0.09609060601940508,within_unit,0.8,0.5,0,4.0,1,2,7
uniform,18,0.2104262638893355,0.07332464620460022,global_linear,0.5,0.15,0,0.7272727272727273,14,0,5
uniform,18,0.2104262638893355,0.07332464620460022,global_linear,0.5,0.3,0,0.7272727272727273,14,0,5
uniform,18,0.2104262638893355,0.07332464620460022,global_linear,0.5,0.5,0,0.7272727272727273,14,0,5
uniform,18,0.2104262638893355,0.07332464620460022,global_linear,0.8,0.15,0,0.9090909090909091,12,0,5
uniform,18,0.2104262638893355,0.07332464620460022,global_linear,0.8,0.3,0,2.1363636363636362,8,2,6
uniform,18,0.2104262638893355,0.07332464620460022,global_linear,0.8,0.5,0,3.727272727272727,5,4,8
uniform,18,0.2104262638893355,0.07332464620460022,vector,0.5,0.15,1,0.0,22,0,1
uniform,18,0.2104262638893355,0.07332464620460022,vector,0.5,0.3,1,0.0,22,0,1
uniform,18,0.2104262638893355,0.07332464620460022,vector,0.5,0.5,1,0.0,22,0,1
uniform,18,0.2104262638893355,0.07332464620460022,vector,0.8,0.15,1,0.5909090909090909,15,0,4
uniform,18,0.2104262638893355,0.07332464620460022,vector,0.8,0.3,1,0.5909090909090909,15,0,4
uniform,18,0.2104262638893355,0.07332464620460022,vector,0.8,0.5,1,0.5909090909090909,15,0,4
uniform,18,0.2104262638893355,0.07332464620460022,within_unit,0.5,0.15,0,0.9545454545454546,10,0,4
uniform,18,0.2104262638893355,0.07332464620460022,within_unit,0.5,0.3,0,2.090909090909091,4,0,6
uniform,18,0.2104262638893355,0.07332464620460022,within_unit,0.5,0.5,0,3.4545454545454546,1,2,8
uniform,18,0.2104262638893355,0.07332464620460022,within_unit,0.8,0.15,0,1.0,12,0,5
uniform,18,0.2104262638893355,0.07332464620460022,within_unit,0.8,0.3,0,2.272727272727273,4,1,8
uniform,18,0.2104262638893355,0.07332464620460022,within_unit,0.8,0.5,0,3.909090909090909,1,3,8
uniform,19,0.33676519454525944,0.09781077406810844,global_linear,0.5,0.15,0,0.7272727272727273,15,0,4
uniform,19,0.33676519454525944,0.09781077406810844,global_linear,0.5,0.3,0,0.7272727272727273,15,0,4
uniform,19,0.33676519454525944,0.09781077406810844,global_linear,0.5,0.5,0,0.7272727272727273,15,0,4
uniform,19,0.33676519454525944,0.09781077406810844,global_linear,0.8,0.15,0,0.9545454545454546,15,0,5
uniform,19,0.33676519454525944,0.09781077406810844,global_linear,0.8,0.3,0,2.0,8,2,7
uniform,19,0.33676519454525944,0.09781077406810844,global_linear,0.8,0.5,0,3.3181818181818183,5,4,7
uniform,19,0.33676519454525944,0.09781077406810844,vector,0.5,0.15,5,0.045454545454545456,21,0,2
uniform,19,0.33676519454525944,0.09781077406810844,vector,0.5,0.3,5,0.045454545454545456,21,0,2
uniform,19,0.33676519454525944,0.09781077406810844,vector,0.5,0.5,5,0.045454545454545456,21,0,2
uniform,19,0.33676519454525944,0.09781077406810844,vector,0.8,0.15,5,0.7272727272727273,15,0,4
uniform,19,0.33676519454525944,0.09781077406810844,vector,0.8,0.3,5,0.7272727272727273,15,0,4
uniform,19,0.33676519454525944,0.09781077406810844,vector,0.8,0.5,5,0.7272727272727273,15,0,4
uniform,19,0.33676519454525944,0.09781077406810844,within_unit,0.5,0.15,0,0.8636363636363636,8,0,3
uniform,19,0.33676519454525944,0.09781077406810844,within_unit,0.5,0.3,0,1.9090909090909092,3,0,6
uniform,19,0.33676519454525944,0.09781077406810844,within_unit,0.5,0.5,0,3.409090909090909,0,1,7
uniform,19,0.33676519454525944,0.09781077406810844,within_unit,0.8,0.15,0,0.9090909090909091,8,0,4
uniform,19,0.33676519454525944,0.09781077406810844,within_unit,0.8,0.3,0,2.1363636363636362,5,1,8
uniform,19,0.33676519454525944,0.09781077406810844,within_unit,0.8,0.5,0,3.6363636363636362,1,2,8
moderate,0,0.4719463079845272,0.19886447274819413,global_linear,0.5,0.15,3,0.2727272727272727,19,0,4
moderate,0,0.4719463079845272,0.19886447274819413,global_linear,0.5,0.3,3,0.2727272727272727,19,0,4
moderate,0,0.4719463079845272,0.19886447274819413,global_linear,0.5,0.5,3,0.2727272727272727,19,0,4
moderate,0,0.4719463079845272,0.19886447274819413,global_linear,0.8,0.15,3,0.8636363636363636,16,1,5
moderate,0,0.4719463079845272,0.19886447274819413,global_linear,0.8,0.3,3,2.0454545454545454,11,1,6
moderate,0,0.4719463079845272,0.19886447274819413,global_linear,0.8,0.5,3,2.1363636363636362,10,2,6
moderate,0,0.4719463079845272,0.19886447274819413,vector,0.5,0.15,8,0.0,22,0,1
moderate,0,0.4719463079845272,0.19886447274819413,vector,0.5,0.3,8,0.0,22,0,1
moderate,0,0.4719463079845272,0.19886447274819413,vector,0.5,0.5,8,0.0,22,0,1
moderate,0,0.4719463079845272,0.19886447274819413,vector,0.8,0.15,8,0.8181818181818182,16,1,5
moderate,0,0.4719463079845272,0.19886447274819413,vector,0.8,0.3,8,0.8636363636363636,15,1,5
moderate,0,0.4719463079845272,0.19886447274819413,vector,0.8,0.5,8,0.8636363636363636,15,1,5
moderate,0,0.4719463079845272,0.19886447274819413,within_unit,0.5,0.15,0,0.8636363636363636,10,0,4
moderate,0,0.4719463079845272,0.19886447274819413,within_unit,0.5,0.3,0,2.0454545454545454,5,0,5
moderate,0,0.4719463079845272,0.19886447274819413,within_unit,0.5,0.5,0,3.4545454545454546,1,0,7
moderate,0,0.4719463079845272,0.19886447274819413,within_unit,0.8,0.15,0,0.9545454545454546,11,0,5
moderate,0,0.4719463079845272,0.19886447274819413,within_unit,0.8,0.3,0,2.1818181818181817,7,1,8
moderate,0,0.4719463079845272,0.19886447274819413,within_unit,0.8,0.5,0,3.8181818181818183,1,3,7
moderate,1,0.6660014446790619,0.5543759923645557,global_linear,0.5,0.15,15,0.2727272727272727,21,0,2
moderate,1,0.6660014446790619,0.5543759923645557,global_linear,0.5,0.3,15,0.2727272727272727,21,0,2
moderate,1,0.6660014446790619,0.5543759923645557,global_linear,0.5,0.5,15,0.2727272727272727,21,0,2
moderate,1,0.6660014446790619,0.5543759923645557,global_linear,0.8,0.15,15,0.4090909090909091,19,1,3
moderate,1,0.6660014446790619,0.5543759923645557,global_linear,0.8,0.3,15,0.4090909090909091,19,1,3
moderate,1,0.6660014446790619,0.5543759923645557,global_linear,0.8,0.5,15,0.4090909090909091,19,1,3
moderate,1,0.6660014446790619,0.5543759923645557,vector,0.5,0.15,20,0.0,22,0,1
moderate,1,0.6660014446790619,0.5543759923645557,vector,0.5,0.3,20,0.0,22,0,1
moderate,1,0.6660014446790619,0.5543759923645557,vector,0.5,0.5,20,0.0,22,0,1
moderate,1,0.6660014446790619,0.5543759923645557,vector,0.8,0.15,20,0.36363636363636365,20,1,3
moderate,1,0.6660014446790619,0.5543759923645557,vector,0.8,0.3,20,0.36363636363636365,20,1,3
moderate,1,0.6660014446790619,0.5543759923645557,vector,0.8,0.5,20,0.36363636363636365,20,1,3
moderate,1,0.6660014446790619,0.5543759923645557,within_unit,0.5,0.15,0,0.8181818181818182,11,0,4
moderate,1,0.6660014446790619,0.5543759923645557,within_unit,0.5,0.3,0,1.9545454545454546,4,0,7
moderate,1,0.6660014446790619,0.5543759923645557,within_unit,0.5,0.5,0,3.3636363636363638,1,1,8
moderate,1,0.6660014446790619,0.5543759923645557,within_unit,0.8,0.15,0,0.8636363636363636,8,0,4
moderate,1,0.6660014446790619,0.5543759923645557,within_unit,0.8,0.3,0,2.0454545454545454,3,0,7
moderate,1,0.6660014446790619,0.5543759923645557,within_unit,0.8,0.5,0,3.6363636363636362,0,4,7
moderate,2,0.5856948233769113,0.3718866370900951,global_linear,0.5,0.15,8,0.36363636363636365,20,1,3
moderate,2,0.5856948233769113,0.3718866370900951,global_linear,0.5,0.3,8,0.36363636363636365,20,1,3
moderate,2,0.5856948233769113,0.3718866370900951,global_linear,0.5,0.5,8,0.36363636363636365,20,1,3
moderate,2,0.5856948233769113,0.3718866370900951,global_linear,0.8,0.15,8,0.5909090909090909,17,1,4
moderate,2,0.5856948233769113,0.3718866370900951,global_linear,0.8,0.3,8,0.5909090909090909,17,1,4
moderate,2,0.5856948233769113,0.3718866370900951,global_linear,0.8,0.5,8,0.5909090909090909,17,1,4
moderate,2,0.5856948233769113,0.3718866370900951,vector,0.5,0.15,15,0.0,22,0,1
moderate,2,0.5856948233769113,0.3718866370900951,vector,0.5,0.3,15,0.0,22,0,1
moderate,2,0.5856948233769113,0.3718866370900951,vector,0.5,0.5,15,0.0,22,0,1
moderate,2,0.5856948233769113,0.3718866370900951,vector,0.8,0.15,15,0.45454545454545453,19,1,4
moderate,2,0.5856948233769113,0.3718866370900951,vector,0.8,0.3,15,0.45454545454545453,19,1,4
moderate,2,0.5856948233769113,0.3718866370900951,vector,0.8,0.5,15,0.45454545454545453,19,1,4
moderate,2,0.5856948233769113,0.3718866370900951,within_unit,0.5,0.15,0,0.8181818181818182,11,0,4
moderate,2,0.5856948233769113,0.3718866370900951,within_unit,0.5,0.3,0,1.9545454545454546,6,0,6
moderate,2,0.5856948233769113,0.3718866370900951,within_unit,0.5,0.5,0,3.5,1,2,8
moderate,2,0.5856948233769113,0.3718866370900951,within_unit,0.8,0.15,0,0.9090909090909091,12,0,4
moderate,2,0.5856948233769113,0.3718866370900951,within_unit,0.8,0.3,0,2.0454545454545454,5,0,6
moderate,2,0.5856948233769113,0.3718866370900951,within_unit,0.8,0.5,0,3.772727272727273,1,5,7
moderate,3,0.4444689976714602,0.15943536668763492,global_linear,0.5,0.15,1,0.45454545454545453,19,1,4
moderate,3,0.4444689976714602,0.15943536668763492,global_linear,0.5,0.3,1,0.45454545454545453,19,1,4
moderate,3,0.4444689976714602,0.15943536668763492,global_linear,0.5,0.5,1,0.45454545454545453,19,1,4
moderate,3,0.4444689976714602,0.15943536668763492,global_linear,0.8,0.15,1,0.9090909090909091,17,1,6
moderate,3,0.4444689976714602,0.15943536668763492,global_linear,0.8,0.3,1,2.0,12,3,6
moderate,3,0.4444689976714602,0.15943536668763492,global_linear,0.8,0.5,1,2.9545454545454546,9,4,5
moderate,3,0.4444689976714602,0.15943536668763492,vector,0.5,0.15,9,0.0,22,0,1
moderate,3,0.4444689976714602,0.15943536668763492,vector,0.5,0.3,9,0.0,22,0,1
moderate,3,0.4444689976714602,0.15943536668763492,vector,0.5,0.5,9,0.0,22,0,1
moderate,3,0.4444689976714602,0.15943536668763492,vector,0.8,0.15,9,0.7727272727272727,16,1,4
moderate,3,0.4444689976714602,0.15943536668763492,vector,0.8,0.3,9,0.7727272727272727,16,1,4
moderate,3,0.4444689976714602,0.15943536668763492,vector,0.8,0.5,9,0.7727272727272727,16,1,4
moderate,3,0.4444689976714602,0.15943536668763492,within_unit,0.5,0.15,0,0.8636363636363636,10,0,4
moderate,3,0.4444689976714602,0.15943536668763492,within_unit,0.5,0.3,0,2.0454545454545454,4,0,7
moderate,3,0.4444689976714602,0.15943536668763492,within_unit,0.5,0.5,0,3.5454545454545454,0,1,7
moderate,3,0.4444689976714602,0.15943536668763492,within_unit,0.8,0.15,0,0.9545454545454546,8,0,4
moderate,3,0.4444689976714602,0.15943536668763492,within_unit,0.8,0.3,0,2.1363636363636362,4,0,7
moderate,3,0.4444689976714602,0.15943536668763492,within_unit,0.8,0.5,0,3.772727272727273,0,0,6
moderate,4,0.5140848911345601,0.2996979631943194,global_linear,0.5,0.15,6,0.2727272727272727,21,0,2
moderate,4,0.5140848911345601,0.2996979631943194,global_linear,0.5,0.3,6,0.2727272727272727,21,0,2
moderate,4,0.5140848911345601,0.2996979631943194,global_linear,0.5,0.5,6,0.2727272727272727,21,0,2
moderate,4,0.5140848911345601,0.2996979631943194,global_linear,0.8,0.15,6,0.8636363636363636,14,0,6
moderate,4,0.5140848911345601,0.2996979631943194,global_linear,0.8,0.3,6,1.0454545454545454,12,0,6
moderate,4,0.5140848911345601,0.2996979631943194,global_linear,0.8,0.5,6,1.0454545454545454,12,0,6
moderate,4,0.5140848911345601,0.2996979631943194,vector,0.5,0.15,12,0.0,22,0,1
moderate,4,0.5140848911345601,0.2996979631943194,vector,0.5,0.3,12,0.0,22,0,1
moderate,4,0.5140848911345601,0.2996979631943194,vector,0.5,0.5,12,0.0,22,0,1
moderate,4,0.5140848911345601,0.2996979631943194,vector,0.8,0.15,12,0.36363636363636365,19,0,3
moderate,4,0.5140848911345601,0.2996979631943194,vector,0.8,0.3,12,0.36363636363636365,19,0,3
moderate,4,0.5140848911345601,0.2996979631943194,vector,0.8,0.5,12,0.36363636363636365,19,0,3
moderate,4,0.5140848911345601,0.2996979631943194,within_unit,0.5,0.15,0,0.8636363636363636,9,0,4
moderate,4,0.5140848911345601,0.2996979631943194,within_unit,0.5,0.3,0,1.9545454545454546,2,0,7
moderate,4,0.5140848911345601,0.2996979631943194,within_unit,0.5,0.5,0,3.409090909090909,0,0,6
moderate,4,0.5140848911345601,0.2996979631943194,within_unit,0.8,0.15,0,0.9545454545454546,8,0,4
moderate,4,0.5140848911345601,0.2996979631943194,within_unit,0.8,0.3,0,2.1818181818181817,2,0,7
moderate,4,0.5140848911345601,0.2996979631943194,within_unit,0.8,0.5,0,3.727272727272727,0,0,6
moderate,5,0.3659984757953274,0.10392273878436539,global_linear,0.5,0.15,1,0.45454545454545453,18,0,4
moderate,5,0.3659984757953274,0.10392273878436539,global_linear,0.5,0.3,1,0.45454545454545453,18,0,4
moderate,5,0.3659984757953274,0.10392273878436539,global_linear,0.5,0.5,1,0.45454545454545453,18,0,4
moderate,5,0.3659984757953274,0.10392273878436539,global_linear,0.8,0.15,1,0.9090909090909091,17,0,5
moderate,5,0.3659984757953274,0.10392273878436539,global_linear,0.8,0.3,1,2.0,13,2,5
moderate,5,0.3659984757953274,0.10392273878436539,global_linear,0.8,0.5,1,3.4545454545454546,8,7,6
moderate,5,0.3659984757953274,0.10392273878436539,vector,0.5,0.15,7,0.045454545454545456,21,0,2
moderate,5,0.3659984757953274,0.10392273878436539,vector,0.5,0.3,7,0.045454545454545456,21,0,2
moderate,5,0.3659984757953274,0.10392273878436539,vector,0.5,0.5,7,0.045454545454545456,21,0,2
moderate,5,0.3659984757953274,0.10392273878436539,vector,0.8,0.15,7,0.45454545454545453,18,0,4
moderate,5,0.3659984757953274,0.10392273878436539,vector,0.8,0.3,7,0.45454545454545453,18,0,4
moderate,5,0.3659984757953274,0.10392273878436539,vector,0.8,0.5,7,0.45454545454545453,18,0,4
moderate,5,0.3659984757953274,0.10392273878436539,within_unit,0.5,0.15,0,0.8636363636363636,11,0,5
moderate,5,0.3659984757953274,0.10392273878436539,within_unit,0.5,0.3,0,1.9545454545454546,5,0,6
moderate,5,0.3659984757953274,0.10392273878436539,within_unit,0.5,0.5,0,3.6363636363636362,1,1,8
moderate,5,0.3659984757953274,0.10392273878436539,within_unit,0.8,0.15,0,0.9090909090909091,12,0,5
moderate,5,0.3659984757953274,0.10392273878436539,within_unit,0.8,0.3,0,2.1363636363636362,5,0,6
moderate,5,0.3659984757953274,0.10392273878436539,within_unit,0.8,0.5,0,3.727272727272727,1,1,8
moderate,6,0.5036944450687819,0.1713720456669624,global_linear,0.5,0.15,3,0.18181818181818182,19,0,3
moderate,6,0.5036944450687819,0.1713720456669624,global_linear,0.5,0.3,3,0.18181818181818182,19,0,3
moderate,6,0.5036944450687819,0.1713720456669624,global_linear,0.5,0.5,3,0.18181818181818182,19,0,3
moderate,6,0.5036944450687819,0.1713720456669624,global_linear,0.8,0.15,3,0.9090909090909091,17,1,6
moderate,6,0.5036944450687819,0.1713720456669624,global_linear,0.8,0.3,3,1.9545454545454546,14,4,5
moderate,6,0.5036944450687819,0.1713720456669624,global_linear,0.8,0.5,3,2.590909090909091,12,5,6
moderate,6,0.5036944450687819,0.1713720456669624,vector,0.5,0.15,10,0.0,22,0,1
moderate,6,0.5036944450687819,0.1713720456669624,vector,0.5,0.3,10,0.0,22,0,1
moderate,6,0.5036944450687819,0.1713720456669624,vector,0.5,0.5,10,0.0,22,0,1
moderate,6,0.5036944450687819,0.1713720456669624,vector,0.8,0.15,10,0.8181818181818182,18,1,5
moderate,6,0.5036944450687819,0.1713720456669624,vector,0.8,0.3,10,0.8181818181818182,18,1,5
moderate,6,0.5036944450687819,0.1713720456669624,vector,0.8,0.5,10,0.8181818181818182,18,1,5
moderate,6,0.5036944450687819,0.1713720456669624,within_unit,0.5,0.15,0,0.9090909090909091,11,0,5
moderate,6,0.5036944450687819,0.1713720456669624,within_unit,0.5,0.3,0,2.1363636363636362,4,0,7
moderate,6,0.5036944450687819,0.1713720456669624,within_unit,0.5,0.5,0,3.4545454545454546,1,1,8
moderate,6,0.5036944450687819,0.1713720456669624,within_unit,0.8,0.15,0,1.0,10,0,5
moderate,6,0.5036944450687819,0.1713720456669624,within_unit,0.8,0.3,0,2.272727272727273,3,1,8
moderate,6,0.5036944450687819,0.1713720456669624,within_unit,0.8,0.5,0,3.9545454545454546,1,3,8
moderate,7,0.5130824106003726,0.2556205903832924,global_linear,0.5,0.15,6,0.22727272727272727,19,0,3
moderate,7,0.5130824106003726,0.2556205903832924,global_linear,0.5,0.3,6,0.22727272727272727,19,0,3
moderate,7,0.5130824106003726,0.2556205903832924,global_linear,0.5,0.5,6,0.22727272727272727,19,0,3
moderate,7,0.5130824106003726,0.2556205903832924,global_linear,0.8,0.15,6,0.9545454545454546,17,0,5
moderate,7,0.5130824106003726,0.2556205903832924,global_linear,0.8,0.3,6,1.3636363636363635,14,2,6
moderate,7,0.5130824106003726,0.2556205903832924,global_linear,0.8,0.5,6,1.3636363636363635,14,2,6
moderate,7,0.5130824106003726,0.2556205903832924,vector,0.5,0.15,11,0.045454545454545456,21,0,2
moderate,7,0.5130824106003726,0.2556205903832924,vector,0.5,0.3,11,0.045454545454545456,21,0,2
moderate,7,0.5130824106003726,0.2556205903832924,vector,0.5,0.5,11,0.045454545454545456,21,0,2
moderate,7,0.5130824106003726,0.2556205903832924,vector,0.8,0.15,11,0.4090909090909091,19,0,4
moderate,7,0.5130824106003726,0.2556205903832924,vector,0.8,0.3,11,0.4090909090909091,19,0,4
moderate,7,0.5130824106003726,0.2556205903832924,vector,0.8,0.5,11,0.4090909090909091,19,0,4
moderate,7,0.5130824106003726,0.2556205903832924,within_unit,0.5,0.15,0,0.8636363636363636,11,0,5
moderate,7,0.5130824106003726,0.2556205903832924,within_unit,0.5,0.3,0,1.9545454545454546,8,0,7
moderate,7,0.5130824106003726,0.2556205903832924,within_unit,0.5,0.5,0,3.5454545454545454,1,3,8
moderate,7,0.5130824106003726,0.2556205903832924,within_unit,0.8,0.15,0,0.9545454545454546,12,0,5
moderate,7,0.5130824106003726,0.2556205903832924,within_unit,0.8,0.3,0,2.272727272727273,7,0,6
moderate,7,0.5130824106003726,0.2556205903832924,within_unit,0.8,0.5,0,3.9545454545454546,1,3,8
moderate,8,0.5597197430344536,0.2545334567573634,global_linear,0.5,0.15,6,0.13636363636363635,20,0,3
moderate,8,0.5597197430344536,0.2545334567573634,global_linear,0.5,0.3,6,0.13636363636363635,20,0,3
moderate,8,0.5597197430344536,0.2545334567573634,global_linear,0.5,0.5,6,0.13636363636363635,20,0,3
moderate,8,0.5597197430344536,0.2545334567573634,global_linear,0.8,0.15,6,0.8636363636363636,18,2,4
moderate,8,0.5597197430344536,0.2545334567573634,global_linear,0.8,0.3,6,0.9545454545454546,17,2,5
moderate,8,0.5597197430344536,0.2545334567573634,global_linear,0.8,0.5,6,0.9545454545454546,17,2,5
moderate,8,0.5597197430344536,0.2545334567573634,vector,0.5,0.15,13,0.0,22,0,1
moderate,8,0.5597197430344536,0.2545334567573634,vector,0.5,0.3,13,0.0,22,0,1
moderate,8,0.5597197430344536,0.2545334567573634,vector,0.5,0.5,13,0.0,22,0,1
moderate,8,0.5597197430344536,0.2545334567573634,vector,0.8,0.15,13,0.7727272727272727,18,1,4
moderate,8,0.5597197430344536,0.2545334567573634,vector,0.8,0.3,13,0.7727272727272727,18,1,4
moderate,8,0.5597197430344536,0.2545334567573634,vector,0.8,0.5,13,0.7727272727272727,18,1,4
moderate,8,0.5597197430344536,0.2545334567573634,within_unit,0.5,0.15,0,0.9545454545454546,12,0,5
moderate,8,0.5597197430344536,0.2545334567573634,within_unit,0.5,0.3,0,2.0454545454545454,6,0,7
moderate,8,0.5597197430344536,0.2545334567573634,within_unit,0.5,0.5,0,3.409090909090909,2,0,7
moderate,8,0.5597197430344536,0.2545334567573634,within_unit,0.8,0.15,0,1.0,12,0,5
moderate,8,0.5597197430344536,0.2545334567573634,within_unit,0.8,0.3,0,2.1363636363636362,7,0,6
moderate,8,0.5597197430344536,0.2545334567573634,within_unit,0.8,0.5,0,3.727272727272727,1,0,7
moderate,9,0.48734583106334206,0.22886644561475056,global_linear,0.5,0.15,1,0.13636363636363635,21,0,2
moderate,9,0.48734583106334206,0.22886644561475056,global_linear,0.5,0.3,1,0.13636363636363635,21,0,2
moderate,9,0.48734583106334206,0.22886644561475056,global_linear,0.5,0.5,1,0.13636363636363635,21,0,2
moderate,9,0.48734583106334206,0.22886644561475056,global_linear,0.8,0.15,1,0.9090909090909091,18,1,4
moderate,9,0.48734583106334206,0.22886644561475056,global_linear,0.8,0.3,1,1.2727272727272727,16,2,6
moderate,9,0.48734583106334206,0.22886644561475056,global_linear,0.8,0.5,1,1.2727272727272727,16,2,6
moderate,9,0.48734583106334206,0.22886644561475056,vector,0.5,0.15,11,0.0,22,0,1
moderate,9,0.48734583106334206,0.22886644561475056,vector,0.5,0.3,11,0.0,22,0,1
moderate,9,0.48734583106334206,0.22886644561475056,vector,0.5,0.5,11,0.0,22,0,1
moderate,9,0.48734583106334206,0.22886644561475056,vector,0.8,0.15,11,0.6818181818181818,19,1,4
moderate,9,0.48734583106334206,0.22886644561475056,vector,0.8,0.3,11,0.6818181818181818,19,1,4
moderate,9,0.48734583106334206,0.22886644561475056,vector,0.8,0.5,11,0.6818181818181818,19,1,4
moderate,9,0.48734583106334206,0.22886644561475056,within_unit,0.5,0.15,0,0.8636363636363636,9,0,4
moderate,9,0.48734583106334206,0.22886644561475056,within_unit,0.5,0.3,0,1.9545454545454546,5,0,7
moderate,9,0.48734583106334206,0.22886644561475056,within_unit,0.5,0.5,0,3.4545454545454546,1,0,7
moderate,9,0.48734583106334206,0.22886644561475056,within_unit,0.8,0.15,0,0.8636363636363636,10,0,4
moderate,9,0.48734583106334206,0.22886644561475056,within_unit,0.8,0.3,0,2.1363636363636362,7,0,6
moderate,9,0.48734583106334206,0.22886644561475056,within_unit,0.8,0.5,0,3.6818181818181817,2,2,8
moderate,10,0.4199850000858816,0.1380083173405826,global_linear,0.5,0.15,1,0.22727272727272727,18,0,3
moderate,10,0.4199850000858816,0.1380083173405826,global_linear,0.5,0.3,1,0.22727272727272727,18,0,3
moderate,10,0.4199850000858816,0.1380083173405826,global_linear,0.5,0.5,1,0.22727272727272727,18,0,3
moderate,10,0.4199850000858816,0.1380083173405826,global_linear,0.8,0.15,1,0.9090909090909091,16,1,6
moderate,10,0.4199850000858816,0.1380083173405826,global_linear,0.8,0.3,1,2.1363636363636362,13,4,6
moderate,10,0.4199850000858816,0.1380083173405826,global_linear,0.8,0.5,1,3.409090909090909,7,8,5
moderate,10,0.4199850000858816,0.1380083173405826,vector,0.5,0.15,8,0.045454545454545456,21,0,2
moderate,10,0.4199850000858816,0.1380083173405826,vector,0.5,0.3,8,0.045454545454545456,21,0,2
moderate,10,0.4199850000858816,0.1380083173405826,vector,0.5,0.5,8,0.045454545454545456,21,0,2
moderate,10,0.4199850000858816,0.1380083173405826,vector,0.8,0.15,8,0.5454545454545454,17,1,4
moderate,10,0.4199850000858816,0.1380083173405826,vector,0.8,0.3,8,0.5454545454545454,17,1,4
moderate,10,0.4199850000858816,0.1380083173405826,vector,0.8,0.5,8,0.5454545454545454,17,1,4
moderate,10,0.4199850000858816,0.1380083173405826,within_unit,0.5,0.15,0,0.8636363636363636,11,0,4
moderate,10,0.4199850000858816,0.1380083173405826,within_unit,0.5,0.3,0,1.8636363636363635,5,0,6
moderate,10,0.4199850000858816,0.1380083173405826,within_unit,0.5,0.5,0,3.227272727272727,1,2,7
moderate,10,0.4199850000858816,0.1380083173405826,within_unit,0.8,0.15,0,0.9545454545454546,11,0,5
moderate,10,0.4199850000858816,0.1380083173405826,within_unit,0.8,0.3,0,2.0454545454545454,3,0,6
moderate,10,0.4199850000858816,0.1380083173405826,within_unit,0.8,0.5,0,3.8636363636363638,1,4,8
moderate,11,0.38726286816690214,0.14396116075273202,global_linear,0.5,0.15,2,0.36363636363636365,19,0,3
moderate,11,0.38726286816690214,0.14396116075273202,global_linear,0.5,0.3,2,0.36363636363636365,19,0,3
moderate,11,0.38726286816690214,0.14396116075273202,global_linear,0.5,0.5,2,0.36363636363636365,19,0,3
moderate,11,0.38726286816690214,0.14396116075273202,global_linear,0.8,0.15,2,0.8636363636363636,16,0,4
moderate,11,0.38726286816690214,0.14396116075273202,global_linear,0.8,0.3,2,2.0,13,3,7
moderate,11,0.38726286816690214,0.14396116075273202,global_linear,0.8,0.5,2,3.409090909090909,7,6,7
moderate,11,0.38726286816690214,0.14396116075273202,vector,0.5,0.15,7,0.09090909090909091,20,0,2
moderate,11,0.38726286816690214,0.14396116075273202,vector,0.5,0.3,7,0.09090909090909091,20,0,2
moderate,11,0.38726286816690214,0.14396116075273202,vector,0.5,0.5,7,0.09090909090909091,20,0,2
moderate,11,0.38726286816690214,0.14396116075273202,vector,0.8,0.15,7,0.6363636363636364,18,0,3
moderate,11,0.38726286816690214,0.14396116075273202,vector,0.8,0.3,7,0.6363636363636364,18,0,3
moderate,11,0.38726286816690214,0.14396116075273202,vector,0.8,0.5,7,0.6363636363636364,18,0,3
moderate,11,0.38726286816690214,0.14396116075273202,within_unit,0.5,0.15,0,0.7727272727272727,13,0,4
moderate,11,0.38726286816690214,0.14396116075273202,within_unit,0.5,0.3,0,1.8636363636363635,5,0,6
moderate,11,0.38726286816690214,0.14396116075273202,within_unit,0.5,0.5,0,3.3181818181818183,2,1,8
moderate,11,0.38726286816690214,0.14396116075273202,within_unit,0.8,0.15,0,0.9090909090909091,11,0,5
moderate,11,0.38726286816690214,0.14396116075273202,within_unit,0.8,0.3,0,2.090909090909091,6,0,7
moderate,11,0.38726286816690214,0.14396116075273202,within_unit,0.8,0.5,0,3.6818181818181817,2,3,8
moderate,12,0.44262443509685245,0.14807782899640248,global_linear,0.5,0.15,1,0.6363636363636364,20,2,2
moderate,12,0.44262443509685245,0.14807782899640248,global_linear,0.5,0.3,1,0.6363636363636364,20,2,2
moderate,12,0.44262443509685245,0.14807782899640248,global_linear,0.5,0.5,1,0.6363636363636364,20,2,2
moderate,12,0.44262443509685245,0.14807782899640248,global_linear,0.8,0.15,1,0.9545454545454546,18,2,4
moderate,12,0.44262443509685245,0.14807782899640248,global_linear,0.8,0.3,1,2.0454545454545454,12,3,5
moderate,12,0.44262443509685245,0.14807782899640248,global_linear,0.8,0.5,1,2.6818181818181817,11,4,5
moderate,12,0.44262443509685245,0.14807782899640248,vector,0.5,0.15,8,0.0,22,0,1
moderate,12,0.44262443509685245,0.14807782899640248,vector,0.5,0.3,8,0.0,22,0,1
moderate,12,0.44262443509685245,0.14807782899640248,vector,0.5,0.5,8,0.0,22,0,1
moderate,12,0.44262443509685245,0.14807782899640248,vector,0.8,0.15,8,0.6818181818181818,19,2,3
moderate,12,0.44262443509685245,0.14807782899640248,vector,0.8,0.3,8,0.6818181818181818,19,2,3
moderate,12,0.44262443509685245,0.14807782899640248,vector,0.8,0.5,8,0.6818181818181818,19,2,3
moderate,12,0.44262443509685245,0.14807782899640248,within_unit,0.5,0.15,0,0.8636363636363636,12,0,4
moderate,12,0.44262443509685245,0.14807782899640248,within_unit,0.5,0.3,0,1.9090909090909092,6,0,7
moderate,12,0.44262443509685245,0.14807782899640248,within_unit,0.5,0.5,0,3.4545454545454546,1,3,8
moderate,12,0.44262443509685245,0.14807782899640248,within_unit,0.8,0.15,0,0.9090909090909091,13,0,5
moderate,12,0.44262443509685245,0.14807782899640248,within_unit,0.8,0.3,0,2.1818181818181817,7,2,8
moderate,12,0.44262443509685245,0.14807782899640248,within_unit,0.8,0.5,0,3.8181818181818183,3,5,8
moderate,13,0.602908749048132,0.37702098899567216,global_linear,0.5,0.15,11,0.09090909090909091,20,0,2
moderate,13,0.602908749048132,0.37702098899567216,global_linear,0.5,0.3,11,0.09090909090909091,20,0,2
moderate,13,0.602908749048132,0.37702098899567216,global_linear,0.5,0.5,11,0.09090909090909091,20,0,2
moderate,13,0.602908749048132,0.37702098899567216,global_linear,0.8,0.15,11,0.7272727272727273,16,0,3
moderate,13,0.602908749048132,0.37702098899567216,global_linear,0.8,0.3,11,0.7272727272727273,16,0,3
moderate,13,0.602908749048132,0.37702098899567216,global_linear,0.8,0.5,11,0.7272727272727273,16,0,3
moderate,13,0.602908749048132,0.37702098899567216,vector,0.5,0.15,17,0.0,22,0,1
moderate,13,0.602908749048132,0.37702098899567216,vector,0.5,0.3,17,0.0,22,0,1
moderate,13,0.602908749048132,0.37702098899567216,vector,0.5,0.5,17,0.0,22,0,1
moderate,13,0.602908749048132,0.37702098899567216,vector,0.8,0.15,17,0.4090909090909091,18,0,3
moderate,13,0.602908749048132,0.37702098899567216,vector,0.8,0.3,17,0.4090909090909091,18,0,3
moderate,13,0.602908749048132,0.37702098899567216,vector,0.8,0.5,17,0.4090909090909091,18,0,3
moderate,13,0.602908749048132,0.37702098899567216,within_unit,0.5,0.15,0,0.9090909090909091,11,0,5
moderate,13,0.602908749048132,0.37702098899567216,within_unit,0.5,0.3,0,2.0,6,0,7
moderate,13,0.602908749048132,0.37702098899567216,within_unit,0.5,0.5,0,3.409090909090909,3,3,8
moderate,13,0.602908749048132,0.37702098899567216,within_unit,0.8,0.15,0,1.0,12,0,5
moderate,13,0.602908749048132,0.37702098899567216,within_unit,0.8,0.3,0,2.272727272727273,7,0,7
moderate,13,0.602908749048132,0.37702098899567216,within_unit,0.8,0.5,0,3.8636363636363638,2,2,8
moderate,14,0.4710129313397804,0.2034911116507525,global_linear,0.5,0.15,4,0.18181818181818182,20,0,3
moderate,14,0.4710129313397804,0.2034911116507525,global_linear,0.5,0.3,4,0.18181818181818182,20,0,3
moderate,14,0.4710129313397804,0.2034911116507525,global_linear,0.5,0.5,4,0.18181818181818182,20,0,3
moderate,14,0.4710129313397804,0.2034911116507525,global_linear,0.8,0.15,4,0.9090909090909091,15,1,6
moderate,14,0.4710129313397804,0.2034911116507525,global_linear,0.8,0.3,4,1.9090909090909092,13,4,6
moderate,14,0.4710129313397804,0.2034911116507525,global_linear,0.8,0.5,4,2.772727272727273,11,6,6
moderate,14,0.4710129313397804,0.2034911116507525,vector,0.5,0.15,9,0.0,22,0,1
moderate,14,0.4710129313397804,0.2034911116507525,vector,0.5,0.3,9,0.0,22,0,1
moderate,14,0.4710129313397804,0.2034911116507525,vector,0.5,0.5,9,0.0,22,0,1
moderate,14,0.4710129313397804,0.2034911116507525,vector,0.8,0.15,9,0.45454545454545453,19,1,4
moderate,14,0.4710129313397804,0.2034911116507525,vector,0.8,0.3,9,0.45454545454545453,19,1,4
moderate,14,0.4710129313397804,0.2034911116507525,vector,0.8,0.5,9,0.45454545454545453,19,1,4
moderate,14,0.4710129313397804,0.2034911116507525,within_unit,0.5,0.15,0,0.9090909090909091,10,0,4
moderate,14,0.4710129313397804,0.2034911116507525,within_unit,0.5,0.3,0,2.0,5,0,7
moderate,14,0.4710129313397804,0.2034911116507525,within_unit,0.5,0.5,0,3.4545454545454546,3,1,8
moderate,14,0.4710129313397804,0.2034911116507525,within_unit,0.8,0.15,0,0.9545454545454546,10,0,5
moderate,14,0.4710129313397804,0.2034911116507525,within_unit,0.8,0.3,0,2.227272727272727,5,1,7
moderate,14,0.4710129313397804,0.2034911116507525,within_unit,0.8,0.5,0,3.6818181818181817,0,2,7
moderate,15,0.3498234158058968,0.10354556426699757,global_linear,0.5,0.15,1,0.18181818181818182,18,0,2
moderate,15,0.3498234158058968,0.10354556426699757,global_linear,0.5,0.3,1,0.18181818181818182,18,0,2
moderate,15,0.3498234158058968,0.10354556426699757,global_linear,0.5,0.5,1,0.18181818181818182,18,0,2
moderate,15,0.3498234158058968,0.10354556426699757,global_linear,0.8,0.15,1,1.0,15,1,5
moderate,15,0.3498234158058968,0.10354556426699757,global_linear,0.8,0.3,1,2.0454545454545454,13,2,6
moderate,15,0.3498234158058968,0.10354556426699757,global_linear,0.8,0.5,1,3.5,7,4,7
moderate,15,0.3498234158058968,0.10354556426699757,vector,0.5,0.15,6,0.0,22,0,1
moderate,15,0.3498234158058968,0.10354556426699757,vector,0.5,0.3,6,0.0,22,0,1
moderate,15,0.3498234158058968,0.10354556426699757,vector,0.5,0.5,6,0.0,22,0,1
moderate,15,0.3498234158058968,0.10354556426699757,vector,0.8,0.15,6,0.45454545454545453,16,0,3
moderate,15,0.3498234158058968,0.10354556426699757,vector,0.8,0.3,6,0.45454545454545453,16,0,3
moderate,15,0.3498234158058968,0.10354556426699757,vector,0.8,0.5,6,0.45454545454545453,16,0,3
moderate,15,0.3498234158058968,0.10354556426699757,within_unit,0.5,0.15,0,0.9090909090909091,10,0,4
moderate,15,0.3498234158058968,0.10354556426699757,within_unit,0.5,0.3,0,2.090909090909091,6,0,7
moderate,15,0.3498234158058968,0.10354556426699757,within_unit,0.5,0.5,0,3.5,1,0,7
moderate,15,0.3498234158058968,0.10354556426699757,within_unit,0.8,0.15,0,0.9545454545454546,11,0,5
moderate,15,0.3498234158058968,0.10354556426699757,within_unit,0.8,0.3,0,2.227272727272727,5,0,7
moderate,15,0.3498234158058968,0.10354556426699757,within_unit,0.8,0.5,0,3.8636363636363638,1,2,8
moderate,16,0.5856171922359481,0.2858911644964963,global_linear,0.5,0.15,8,0.22727272727272727,21,0,2
moderate,16,0.5856171922359481,0.2858911644964963,global_linear,0.5,0.3,8,0.22727272727272727,21,0,2
moderate,16,0.5856171922359481,0.2858911644964963,global_linear,0.5,0.5,8,0.22727272727272727,21,0,2
moderate,16,0.5856171922359481,0.2858911644964963,global_linear,0.8,0.15,8,0.8181818181818182,18,2,3
moderate,16,0.5856171922359481,0.2858911644964963,global_linear,0.8,0.3,8,1.2727272727272727,18,4,2
moderate,16,0.5856171922359481,0.2858911644964963,global_linear,0.8,0.5,8,1.2727272727272727,18,4,2
moderate,16,0.5856171922359481,0.2858911644964963,vector,0.5,0.15,14,0.0,22,0,1
moderate,16,0.5856171922359481,0.2858911644964963,vector,0.5,0.3,14,0.0,22,0,1
moderate,16,0.5856171922359481,0.2858911644964963,vector,0.5,0.5,14,0.0,22,0,1
moderate,16,0.5856171922359481,0.2858911644964963,vector,0.8,0.15,14,0.5454545454545454,18,1,4
moderate,16,0.5856171922359481,0.2858911644964963,vector,0.8,0.3,14,0.5454545454545454,18,1,4
moderate,16,0.5856171922359481,0.2858911644964963,vector,0.8,0.5,14,0.5454545454545454,18,1,4
moderate,16,0.5856171922359481,0.2858911644964963,within_unit,0.5,0.15,0,0.9545454545454546,12,0,5
moderate,16,0.5856171922359481,0.2858911644964963,within_unit,0.5,0.3,0,2.090909090909091,3,0,6
moderate,16,0.5856171922359481,0.2858911644964963,within_unit,0.5,0.5,0,3.409090909090909,1,1,8
moderate,16,0.5856171922359481,0.2858911644964963,within_unit,0.8,0.15,0,1.0,11,0,5
moderate,16,0.5856171922359481,0.2858911644964963,within_unit,0.8,0.3,0,2.227272727272727,5,0,7
moderate,16,0.5856171922359481,0.2858911644964963,within_unit,0.8,0.5,0,3.8181818181818183,0,4,7
moderate,17,0.44192413028059274,0.18198735284678766,global_linear,0.5,0.15,3,0.45454545454545453,18,0,5
moderate,17,0.44192413028059274,0.18198735284678766,global_linear,0.5,0.3,3,0.45454545454545453,18,0,5
moderate,17,0.44192413028059274,0.18198735284678766,global_linear,0.5,0.5,3,0.45454545454545453,18,0,5
moderate,17,0.44192413028059274,0.18198735284678766,global_linear,0.8,0.15,3,0.9090909090909091,19,2,3
moderate,17,0.44192413028059274,0.18198735284678766,global_linear,0.8,0.3,3,1.9090909090909092,12,4,5
moderate,17,0.44192413028059274,0.18198735284678766,global_linear,0.8,0.5,3,1.9090909090909092,12,4,5
moderate,17,0.44192413028059274,0.18198735284678766,vector,0.5,0.15,6,0.0,22,0,1
moderate,17,0.44192413028059274,0.18198735284678766,vector,0.5,0.3,6,0.0,22,0,1
moderate,17,0.44192413028059274,0.18198735284678766,vector,0.5,0.5,6,0.0,22,0,1
moderate,17,0.44192413028059274,0.18198735284678766,vector,0.8,0.15,6,0.8181818181818182,16,1,5
moderate,17,0.44192413028059274,0.18198735284678766,vector,0.8,0.3,6,0.8636363636363636,16,2,4
moderate,17,0.44192413028059274,0.18198735284678766,vector,0.8,0.5,6,0.8636363636363636,16,2,4
moderate,17,0.44192413028059274,0.18198735284678766,within_unit,0.5,0.15,0,0.8636363636363636,13,0,5
moderate,17,0.44192413028059274,0.18198735284678766,within_unit,0.5,0.3,0,1.9090909090909092,6,0,6
moderate,17,0.44192413028059274,0.18198735284678766,within_unit,0.5,0.5,0,3.1818181818181817,1,1,8
moderate,17,0.44192413028059274,0.18198735284678766,within_unit,0.8,0.15,0,0.9090909090909091,12,0,5
moderate,17,0.44192413028059274,0.18198735284678766,within_unit,0.8,0.3,0,2.0454545454545454,5,0,6
moderate,17,0.44192413028059274,0.18198735284678766,within_unit,0.8,0.5,0,3.6363636363636362,0,3,6
moderate,18,0.4483951917808797,0.1376001155232123,global_linear,0.5,0.15,0,0.45454545454545453,18,0,4
moderate,18,0.4483951917808797,0.1376001155232123,global_linear,0.5,0.3,0,0.45454545454545453,18,0,4
moderate,18,0.4483951917808797,0.1376001155232123,global_linear,0.5,0.5,0,0.45454545454545453,18,0,4
moderate,18,0.4483951917808797,0.1376001155232123,global_linear,0.8,0.15,0,0.9090909090909091,18,0,3
moderate,18,0.4483951917808797,0.1376001155232123,global_linear,0.8,0.3,0,2.0454545454545454,14,1,5
moderate,18,0.4483951917808797,0.1376001155232123,global_linear,0.8,0.5,0,2.9545454545454546,9,5,6
moderate,18,0.4483951917808797,0.1376001155232123,vector,0.5,0.15,11,0.0,22,0,1
moderate,18,0.4483951917808797,0.1376001155232123,vector,0.5,0.3,11,0.0,22,0,1
moderate,18,0.4483951917808797,0.1376001155232123,vector,0.5,0.5,11,0.0,22,0,1
moderate,18,0.4483951917808797,0.1376001155232123,vector,0.8,0.15,11,0.8181818181818182,17,0,4
moderate,18,0.4483951917808797,0.1376001155232123,vector,0.8,0.3,11,0.8181818181818182,17,0,4
moderate,18,0.4483951917808797,0.1376001155232123,vector,0.8,0.5,11,0.8181818181818182,17,0,4
moderate,18,0.4483951917808797,0.1376001155232123,within_unit,0.5,0.15,0,0.9090909090909091,10,0,4
moderate,18,0.4483951917808797,0.1376001155232123,within_unit,0.5,0.3,0,2.0,5,0,7
moderate,18,0.4483951917808797,0.1376001155232123,within_unit,0.5,0.5,0,3.4545454545454546,1,1,8
moderate,18,0.4483951917808797,0.1376001155232123,within_unit,0.8,0.15,0,0.9545454545454546,8,0,4
moderate,18,0.4483951917808797,0.1376001155232123,within_unit,0.8,0.3,0,2.272727272727273,4,1,8
moderate,18,0.4483951917808797,0.1376001155232123,within_unit,0.8,0.5,0,3.8181818181818183,1,3,8
moderate,19,0.5310667565308185,0.22785282075391558,global_linear,0.5,0.15,3,0.2727272727272727,20,0,3
moderate,19,0.5310667565308185,0.22785282075391558,global_linear,0.5,0.3,3,0.2727272727272727,20,0,3
moderate,19,0.5310667565308185,0.22785282075391558,global_linear,0.5,0.5,3,0.2727272727272727,20,0,3
moderate,19,0.5310667565308185,0.22785282075391558,global_linear,0.8,0.15,3,0.8636363636363636,19,2,3
moderate,19,0.5310667565308185,0.22785282075391558,global_linear,0.8,0.3,3,1.7727272727272727,14,2,7
moderate,19,0.5310667565308185,0.22785282075391558,global_linear,0.8,0.5,3,1.7727272727272727,14,2,7
moderate,19,0.5310667565308185,0.22785282075391558,vector,0.5,0.15,12,0.045454545454545456,21,0,2
moderate,19,0.5310667565308185,0.22785282075391558,vector,0.5,0.3,12,0.045454545454545456,21,0,2
moderate,19,0.5310667565308185,0.22785282075391558,vector,0.5,0.5,12,0.045454545454545456,21,0,2
moderate,19,0.5310667565308185,0.22785282075391558,vector,0.8,0.15,12,0.6818181818181818,19,2,3
moderate,19,0.5310667565308185,0.22785282075391558,vector,0.8,0.3,12,0.6818181818181818,19,2,3
moderate,19,0.5310667565308185,0.22785282075391558,vector,0.8,0.5,12,0.6818181818181818,19,2,3
moderate,19,0.5310667565308185,0.22785282075391558,within_unit,0.5,0.15,0,0.9090909090909091,12,0,4
moderate,19,0.5310667565308185,0.22785282075391558,within_unit,0.5,0.3,0,2.090909090909091,5,0,6
moderate,19,0.5310667565308185,0.22785282075391558,within_unit,0.5,0.5,0,3.5,1,0,7
moderate,19,0.5310667565308185,0.22785282075391558,within_unit,0.8,0.15,0,0.9545454545454546,12,0,4
moderate,19,0.5310667565308185,0.22785282075391558,within_unit,0.8,0.3,0,2.1363636363636362,6,0,6
moderate,19,0.5310667565308185,0.22785282075391558,within_unit,0.8,0.5,0,3.772727272727273,0,2,7
extreme,0,0.6154535374555996,0.5132955752237011,global_linear,0.5,0.15,13,0.22727272727272727,21,0,2
extreme,0,0.6154535374555996,0.5132955752237011,global_linear,0.5,0.3,13,0.22727272727272727,21,0,2
extreme,0,0.6154535374555996,0.5132955752237011,global_linear,0.5,0.5,13,0.22727272727272727,21,0,2
extreme,0,0.6154535374555996,0.5132955752237011,global_linear,0.8,0.15,13,0.3181818181818182,21,1,2
extreme,0,0.6154535374555996,0.5132955752237011,global_linear,0.8,0.3,13,0.3181818181818182,21,1,2
extreme,0,0.6154535374555996,0.5132955752237011,global_linear,0.8,0.5,13,0.3181818181818182,21,1,2
extreme,0,0.6154535374555996,0.5132955752237011,vector,0.5,0.15,21,0.0,22,0,1
extreme,0,0.6154535374555996,0.5132955752237011,vector,0.5,0.3,21,0.0,22,0,1
extreme,0,0.6154535374555996,0.5132955752237011,vector,0.5,0.5,21,0.0,22,0,1
extreme,0,0.6154535374555996,0.5132955752237011,vector,0.8,0.15,21,0.3181818181818182,21,1,2
extreme,0,0.6154535374555996,0.5132955752237011,vector,0.8,0.3,21,0.3181818181818182,21,1,2
extreme,0,0.6154535374555996,0.5132955752237011,vector,0.8,0.5,21,0.3181818181818182,21,1,2
extreme,0,0.6154535374555996,0.5132955752237011,within_unit,0.5,0.15,0,0.9090909090909091,12,0,5
extreme,0,0.6154535374555996,0.5132955752237011,within_unit,0.5,0.3,0,2.0454545454545454,5,0,6
extreme,0,0.6154535374555996,0.5132955752237011,within_unit,0.5,0.5,0,3.590909090909091,2,3,8
extreme,0,0.6154535374555996,0.5132955752237011,within_unit,0.8,0.15,0,1.0,10,0,5
extreme,0,0.6154535374555996,0.5132955752237011,within_unit,0.8,0.3,0,2.227272727272727,5,1,8
extreme,0,0.6154535374555996,0.5132955752237011,within_unit,0.8,0.5,0,3.909090909090909,1,3,7
extreme,1,0.6138132004865273,0.5050874563190707,global_linear,0.5,0.15,13,0.3181818181818182,21,1,2
extreme,1,0.6138132004865273,0.5050874563190707,global_linear,0.5,0.3,13,0.3181818181818182,21,1,2
extreme,1,0.6138132004865273,0.5050874563190707,global_linear,0.5,0.5,13,0.3181818181818182,21,1,2
extreme,1,0.6138132004865273,0.5050874563190707,global_linear,0.8,0.15,13,0.45454545454545453,18,1,3
extreme,1,0.6138132004865273,0.5050874563190707,global_linear,0.8,0.3,13,0.45454545454545453,18,1,3
extreme,1,0.6138132004865273,0.5050874563190707,global_linear,0.8,0.5,13,0.45454545454545453,18,1,3
extreme,1,0.6138132004865273,0.5050874563190707,vector,0.5,0.15,18,0.0,22,0,1
extreme,1,0.6138132004865273,0.5050874563190707,vector,0.5,0.3,18,0.0,22,0,1
extreme,1,0.6138132004865273,0.5050874563190707,vector,0.5,0.5,18,0.0,22,0,1
extreme,1,0.6138132004865273,0.5050874563190707,vector,0.8,0.15,18,0.36363636363636365,20,1,3
extreme,1,0.6138132004865273,0.5050874563190707,vector,0.8,0.3,18,0.36363636363636365,20,1,3
extreme,1,0.6138132004865273,0.5050874563190707,vector,0.8,0.5,18,0.36363636363636365,20,1,3
extreme,1,0.6138132004865273,0.5050874563190707,within_unit,0.5,0.15,0,0.8636363636363636,8,0,4
extreme,1,0.6138132004865273,0.5050874563190707,within_unit,0.5,0.3,0,2.0,1,0,6
extreme,1,0.6138132004865273,0.5050874563190707,within_unit,0.5,0.5,0,3.6363636363636362,1,3,8
extreme,1,0.6138132004865273,0.5050874563190707,within_unit,0.8,0.15,0,0.9545454545454546,7,0,4
extreme,1,0.6138132004865273,0.5050874563190707,within_unit,0.8,0.3,0,2.227272727272727,2,1,8
extreme,1,0.6138132004865273,0.5050874563190707,within_unit,0.8,0.5,0,3.8636363636363638,0,3,7
extreme,2,0.6052880976506467,0.5167192601349877,global_linear,0.5,0.15,13,0.2727272727272727,21,0,2
extreme,2,0.6052880976506467,0.5167192601349877,global_linear,0.5,0.3,13,0.2727272727272727,21,0,2
extreme,2,0.6052880976506467,0.5167192601349877,global_linear,0.5,0.5,13,0.2727272727272727,21,0,2
extreme,2,0.6052880976506467,0.5167192601349877,global_linear,0.8,0.15,13,0.2727272727272727,21,0,2
extreme,2,0.6052880976506467,0.5167192601349877,global_linear,0.8,0.3,13,0.2727272727272727,21,0,2
extreme,2,0.6052880976506467,0.5167192601349877,global_linear,0.8,0.5,13,0.2727272727272727,21,0,2
extreme,2,0.6052880976506467,0.5167192601349877,vector,0.5,0.15,21,0.0,22,0,1
extreme,2,0.6052880976506467,0.5167192601349877,vector,0.5,0.3,21,0.0,22,0,1
extreme,2,0.6052880976506467,0.5167192601349877,vector,0.5,0.5,21,0.0,22,0,1
extreme,2,0.6052880976506467,0.5167192601349877,vector,0.8,0.15,21,0.2727272727272727,21,0,2
extreme,2,0.6052880976506467,0.5167192601349877,vector,0.8,0.3,21,0.2727272727272727,21,0,2
extreme,2,0.6052880976506467,0.5167192601349877,vector,0.8,0.5,21,0.2727272727272727,21,0,2
extreme,2,0.6052880976506467,0.5167192601349877,within_unit,0.5,0.15,0,0.9090909090909091,13,0,5
extreme,2,0.6052880976506467,0.5167192601349877,within_unit,0.5,0.3,0,1.9545454545454546,8,0,7
extreme,2,0.6052880976506467,0.5167192601349877,within_unit,0.5,0.5,0,3.4545454545454546,3,0,7
extreme,2,0.6052880976506467,0.5167192601349877,within_unit,0.8,0.15,0,0.9545454545454546,13,0,5
extreme,2,0.6052880976506467,0.5167192601349877,within_unit,0.8,0.3,0,2.227272727272727,9,0,7
extreme,2,0.6052880976506467,0.5167192601349877,within_unit,0.8,0.5,0,3.909090909090909,2,2,8
extreme,3,0.5751866262498209,0.5090580381996528,global_linear,0.5,0.15,10,0.18181818181818182,21,0,2
extreme,3,0.5751866262498209,0.5090580381996528,global_linear,0.5,0.3,10,0.18181818181818182,21,0,2
extreme,3,0.5751866262498209,0.5090580381996528,global_linear,0.5,0.5,10,0.18181818181818182,21,0,2
extreme,3,0.5751866262498209,0.5090580381996528,global_linear,0.8,0.15,10,0.36363636363636365,18,0,3
extreme,3,0.5751866262498209,0.5090580381996528,global_linear,0.8,0.3,10,0.36363636363636365,18,0,3
extreme,3,0.5751866262498209,0.5090580381996528,global_linear,0.8,0.5,10,0.36363636363636365,18,0,3
extreme,3,0.5751866262498209,0.5090580381996528,vector,0.5,0.15,21,0.0,22,0,1
extreme,3,0.5751866262498209,0.5090580381996528,vector,0.5,0.3,21,0.0,22,0,1
extreme,3,0.5751866262498209,0.5090580381996528,vector,0.5,0.5,21,0.0,22,0,1
extreme,3,0.5751866262498209,0.5090580381996528,vector,0.8,0.15,21,0.22727272727272727,21,0,2
extreme,3,0.5751866262498209,0.5090580381996528,vector,0.8,0.3,21,0.22727272727272727,21,0,2
extreme,3,0.5751866262498209,0.5090580381996528,vector,0.8,0.5,21,0.22727272727272727,21,0,2
extreme,3,0.5751866262498209,0.5090580381996528,within_unit,0.5,0.15,0,0.8636363636363636,10,0,4
extreme,3,0.5751866262498209,0.5090580381996528,within_unit,0.5,0.3,0,2.0,5,0,7
extreme,3,0.5751866262498209,0.5090580381996528,within_unit,0.5,0.5,0,3.5,2,3,8
extreme,3,0.5751866262498209,0.5090580381996528,within_unit,0.8,0.15,0,0.9545454545454546,11,0,6
extreme,3,0.5751866262498209,0.5090580381996528,within_unit,0.8,0.3,0,2.1818181818181817,6,0,6
extreme,3,0.5751866262498209,0.5090580381996528,within_unit,0.8,0.5,0,3.727272727272727,1,2,8
extreme,4,0.5946114212105262,0.5144268924773168,global_linear,0.5,0.15,15,0.2727272727272727,21,0,2
extreme,4,0.5946114212105262,0.5144268924773168,global_linear,0.5,0.3,15,0.2727272727272727,21,0,2
extreme,4,0.5946114212105262,0.5144268924773168,global_linear,0.5,0.5,15,0.2727272727272727,21,0,2
extreme,4,0.5946114212105262,0.5144268924773168,global_linear,0.8,0.15,15,0.2727272727272727,21,0,2
extreme,4,0.5946114212105262,0.5144268924773168,global_linear,0.8,0.3,15,0.2727272727272727,21,0,2
extreme,4,0.5946114212105262,0.5144268924773168,global_linear,0.8,0.5,15,0.2727272727272727,21,0,2
extreme,4,0.5946114212105262,0.5144268924773168,vector,0.5,0.15,19,0.09090909090909091,21,0,2
extreme,4,0.5946114212105262,0.5144268924773168,vector,0.5,0.3,19,0.09090909090909091,21,0,2
extreme,4,0.5946114212105262,0.5144268924773168,vector,0.5,0.5,19,0.09090909090909091,21,0,2
extreme,4,0.5946114212105262,0.5144268924773168,vector,0.8,0.15,19,0.2727272727272727,21,0,2
extreme,4,0.5946114212105262,0.5144268924773168,vector,0.8,0.3,19,0.2727272727272727,21,0,2
extreme,4,0.5946114212105262,0.5144268924773168,vector,0.8,0.5,19,0.2727272727272727,21,0,2
extreme,4,0.5946114212105262,0.5144268924773168,within_unit,0.5,0.15,0,0.8636363636363636,12,0,5
extreme,4,0.5946114212105262,0.5144268924773168,within_unit,0.5,0.3,0,2.0454545454545454,8,0,7
extreme,4,0.5946114212105262,0.5144268924773168,within_unit,0.5,0.5,0,3.727272727272727,3,2,8
extreme,4,0.5946114212105262,0.5144268924773168,within_unit,0.8,0.15,0,1.0,13,0,6
extreme,4,0.5946114212105262,0.5144268924773168,within_unit,0.8,0.3,0,2.272727272727273,9,1,8
extreme,4,0.5946114212105262,0.5144268924773168,within_unit,0.8,0.5,0,3.8636363636363638,2,3,7
extreme,5,0.6071804482179699,0.5146985787430676,global_linear,0.5,0.15,13,0.3181818181818182,21,1,2
extreme,5,0.6071804482179699,0.5146985787430676,global_linear,0.5,0.3,13,0.3181818181818182,21,1,2
extreme,5,0.6071804482179699,0.5146985787430676,global_linear,0.5,0.5,13,0.3181818181818182,21,1,2
extreme,5,0.6071804482179699,0.5146985787430676,global_linear,0.8,0.15,13,0.3181818181818182,21,1,2
extreme,5,0.6071804482179699,0.5146985787430676,global_linear,0.8,0.3,13,0.3181818181818182,21,1,2
extreme,5,0.6071804482179699,0.5146985787430676,global_linear,0.8,0.5,13,0.3181818181818182,21,1,2
extreme,5,0.6071804482179699,0.5146985787430676,vector,0.5,0.15,21,0.0,22,0,1
extreme,5,0.6071804482179699,0.5146985787430676,vector,0.5,0.3,21,0.0,22,0,1
extreme,5,0.6071804482179699,0.5146985787430676,vector,0.5,0.5,21,0.0,22,0,1
extreme,5,0.6071804482179699,0.5146985787430676,vector,0.8,0.15,21,0.3181818181818182,21,1,2
extreme,5,0.6071804482179699,0.5146985787430676,vector,0.8,0.3,21,0.3181818181818182,21,1,2
extreme,5,0.6071804482179699,0.5146985787430676,vector,0.8,0.5,21,0.3181818181818182,21,1,2
extreme,5,0.6071804482179699,0.5146985787430676,within_unit,0.5,0.15,0,0.9090909090909091,12,0,5
extreme,5,0.6071804482179699,0.5146985787430676,within_unit,0.5,0.3,0,2.0454545454545454,7,0,7
extreme,5,0.6071804482179699,0.5146985787430676,within_unit,0.5,0.5,0,3.5454545454545454,2,2,8
extreme,5,0.6071804482179699,0.5146985787430676,within_unit,0.8,0.15,0,0.9545454545454546,14,0,5
extreme,5,0.6071804482179699,0.5146985787430676,within_unit,0.8,0.3,0,2.1818181818181817,6,0,7
extreme,5,0.6071804482179699,0.5146985787430676,within_unit,0.8,0.5,0,3.8636363636363638,2,2,8
extreme,6,0.5929384211598852,0.5095452207491171,global_linear,0.5,0.15,13,0.0,22,0,1
extreme,6,0.5929384211598852,0.5095452207491171,global_linear,0.5,0.3,13,0.0,22,0,1
extreme,6,0.5929384211598852,0.5095452207491171,global_linear,0.5,0.5,13,0.0,22,0,1
extreme,6,0.5929384211598852,0.5095452207491171,global_linear,0.8,0.15,13,0.3181818181818182,21,1,2
extreme,6,0.5929384211598852,0.5095452207491171,global_linear,0.8,0.3,13,0.3181818181818182,21,1,2
extreme,6,0.5929384211598852,0.5095452207491171,global_linear,0.8,0.5,13,0.3181818181818182,21,1,2
extreme,6,0.5929384211598852,0.5095452207491171,vector,0.5,0.15,20,0.0,22,0,1
extreme,6,0.5929384211598852,0.5095452207491171,vector,0.5,0.3,20,0.0,22,0,1
extreme,6,0.5929384211598852,0.5095452207491171,vector,0.5,0.5,20,0.0,22,0,1
extreme,6,0.5929384211598852,0.5095452207491171,vector,0.8,0.15,20,0.3181818181818182,21,1,2
extreme,6,0.5929384211598852,0.5095452207491171,vector,0.8,0.3,20,0.3181818181818182,21,1,2
extreme,6,0.5929384211598852,0.5095452207491171,vector,0.8,0.5,20,0.3181818181818182,21,1,2
extreme,6,0.5929384211598852,0.5095452207491171,within_unit,0.5,0.15,0,0.8636363636363636,13,0,5
extreme,6,0.5929384211598852,0.5095452207491171,within_unit,0.5,0.3,0,2.0,7,0,7
extreme,6,0.5929384211598852,0.5095452207491171,within_unit,0.5,0.5,0,3.3636363636363638,1,0,7
extreme,6,0.5929384211598852,0.5095452207491171,within_unit,0.8,0.15,0,0.9545454545454546,12,0,5
extreme,6,0.5929384211598852,0.5095452207491171,within_unit,0.8,0.3,0,2.1363636363636362,9,0,6
extreme,6,0.5929384211598852,0.5095452207491171,within_unit,0.8,0.5,0,3.772727272727273,3,2,8
extreme,7,0.5565633325795603,0.5098052978564194,global_linear,0.5,0.15,14,0.13636363636363635,21,0,2
extreme,7,0.5565633325795603,0.5098052978564194,global_linear,0.5,0.3,14,0.13636363636363635,21,0,2
extreme,7,0.5565633325795603,0.5098052978564194,global_linear,0.5,0.5,14,0.13636363636363635,21,0,2
extreme,7,0.5565633325795603,0.5098052978564194,global_linear,0.8,0.15,14,0.36363636363636365,20,1,3
extreme,7,0.5565633325795603,0.5098052978564194,global_linear,0.8,0.3,14,0.36363636363636365,20,1,3
extreme,7,0.5565633325795603,0.5098052978564194,global_linear,0.8,0.5,14,0.36363636363636365,20,1,3
extreme,7,0.5565633325795603,0.5098052978564194,vector,0.5,0.15,21,0.0,22,0,1
extreme,7,0.5565633325795603,0.5098052978564194,vector,0.5,0.3,21,0.0,22,0,1
extreme,7,0.5565633325795603,0.5098052978564194,vector,0.5,0.5,21,0.0,22,0,1
extreme,7,0.5565633325795603,0.5098052978564194,vector,0.8,0.15,21,0.36363636363636365,20,1,3
extreme,7,0.5565633325795603,0.5098052978564194,vector,0.8,0.3,21,0.36363636363636365,20,1,3
extreme,7,0.5565633325795603,0.5098052978564194,vector,0.8,0.5,21,0.36363636363636365,20,1,3
extreme,7,0.5565633325795603,0.5098052978564194,within_unit,0.5,0.15,0,0.8181818181818182,11,0,4
extreme,7,0.5565633325795603,0.5098052978564194,within_unit,0.5,0.3,0,1.9090909090909092,6,0,6
extreme,7,0.5565633325795603,0.5098052978564194,within_unit,0.5,0.5,0,3.3181818181818183,2,0,7
extreme,7,0.5565633325795603,0.5098052978564194,within_unit,0.8,0.15,0,0.9090909090909091,13,0,6
extreme,7,0.5565633325795603,0.5098052978564194,within_unit,0.8,0.3,0,2.1818181818181817,9,0,7
extreme,7,0.5565633325795603,0.5098052978564194,within_unit,0.8,0.5,0,3.772727272727273,4,2,8
extreme,8,0.5766739222706041,0.5025514011384639,global_linear,0.5,0.15,12,0.22727272727272727,21,0,2
extreme,8,0.5766739222706041,0.5025514011384639,global_linear,0.5,0.3,12,0.22727272727272727,21,0,2
extreme,8,0.5766739222706041,0.5025514011384639,global_linear,0.5,0.5,12,0.22727272727272727,21,0,2
extreme,8,0.5766739222706041,0.5025514011384639,global_linear,0.8,0.15,12,0.4090909090909091,19,1,3
extreme,8,0.5766739222706041,0.5025514011384639,global_linear,0.8,0.3,12,0.4090909090909091,19,1,3
extreme,8,0.5766739222706041,0.5025514011384639,global_linear,0.8,0.5,12,0.4090909090909091,19,1,3
extreme,8,0.5766739222706041,0.5025514011384639,vector,0.5,0.15,19,0.0,22,0,1
extreme,8,0.5766739222706041,0.5025514011384639,vector,0.5,0.3,19,0.0,22,0,1
extreme,8,0.5766739222706041,0.5025514011384639,vector,0.5,0.5,19,0.0,22,0,1
extreme,8,0.5766739222706041,0.5025514011384639,vector,0.8,0.15,19,0.36363636363636365,20,1,3
extreme,8,0.5766739222706041,0.5025514011384639,vector,0.8,0.3,19,0.36363636363636365,20,1,3
extreme,8,0.5766739222706041,0.5025514011384639,vector,0.8,0.5,19,0.36363636363636365,20,1,3
extreme,8,0.5766739222706041,0.5025514011384639,within_unit,0.5,0.15,0,0.9090909090909091,8,0,4
extreme,8,0.5766739222706041,0.5025514011384639,within_unit,0.5,0.3,0,2.090909090909091,2,0,7
extreme,8,0.5766739222706041,0.5025514011384639,within_unit,0.5,0.5,0,3.5454545454545454,0,1,7
extreme,8,0.5766739222706041,0.5025514011384639,within_unit,0.8,0.15,0,0.9545454545454546,9,0,5
extreme,8,0.5766739222706041,0.5025514011384639,within_unit,0.8,0.3,0,2.1363636363636362,3,0,7
extreme,8,0.5766739222706041,0.5025514011384639,within_unit,0.8,0.5,0,3.8636363636363638,0,3,7
extreme,9,0.5991526805531853,0.5020188957217687,global_linear,0.5,0.15,11,0.18181818181818182,21,0,2
extreme,9,0.5991526805531853,0.5020188957217687,global_linear,0.5,0.3,11,0.18181818181818182,21,0,2
extreme,9,0.5991526805531853,0.5020188957217687,global_linear,0.5,0.5,11,0.18181818181818182,21,0,2
extreme,9,0.5991526805531853,0.5020188957217687,global_linear,0.8,0.15,11,0.36363636363636365,20,1,3
extreme,9,0.5991526805531853,0.5020188957217687,global_linear,0.8,0.3,11,0.36363636363636365,20,1,3
extreme,9,0.5991526805531853,0.5020188957217687,global_linear,0.8,0.5,11,0.36363636363636365,20,1,3
extreme,9,0.5991526805531853,0.5020188957217687,vector,0.5,0.15,19,0.0,22,0,1
extreme,9,0.5991526805531853,0.5020188957217687,vector,0.5,0.3,19,0.0,22,0,1
extreme,9,0.5991526805531853,0.5020188957217687,vector,0.5,0.5,19,0.0,22,0,1
extreme,9,0.5991526805531853,0.5020188957217687,vector,0.8,0.15,19,0.36363636363636365,20,1,3
extreme,9,0.5991526805531853,0.5020188957217687,vector,0.8,0.3,19,0.36363636363636365,20,1,3
extreme,9,0.5991526805531853,0.5020188957217687,vector,0.8,0.5,19,0.36363636363636365,20,1,3
extreme,9,0.5991526805531853,0.5020188957217687,within_unit,0.5,0.15,0,0.9090909090909091,12,0,5
extreme,9,0.5991526805531853,0.5020188957217687,within_unit,0.5,0.3,0,2.0454545454545454,6,0,7
extreme,9,0.5991526805531853,0.5020188957217687,within_unit,0.5,0.5,0,3.5,2,2,8
extreme,9,0.5991526805531853,0.5020188957217687,within_unit,0.8,0.15,0,0.9545454545454546,12,0,5
extreme,9,0.5991526805531853,0.5020188957217687,within_unit,0.8,0.3,0,2.1363636363636362,6,0,7
extreme,9,0.5991526805531853,0.5020188957217687,within_unit,0.8,0.5,0,3.772727272727273,1,3,8
extreme,10,0.6033505306077214,0.5144821062606536,global_linear,0.5,0.15,14,0.22727272727272727,21,0,2
extreme,10,0.6033505306077214,0.5144821062606536,global_linear,0.5,0.3,14,0.22727272727272727,21,0,2
extreme,10,0.6033505306077214,0.5144821062606536,global_linear,0.5,0.5,14,0.22727272727272727,21,0,2
extreme,10,0.6033505306077214,0.5144821062606536,global_linear,0.8,0.15,14,0.3181818181818182,21,1,2
extreme,10,0.6033505306077214,0.5144821062606536,global_linear,0.8,0.3,14,0.3181818181818182,21,1,2
extreme,10,0.6033505306077214,0.5144821062606536,global_linear,0.8,0.5,14,0.3181818181818182,21,1,2
extreme,10,0.6033505306077214,0.5144821062606536,vector,0.5,0.15,20,0.0,22,0,1
extreme,10,0.6033505306077214,0.5144821062606536,vector,0.5,0.3,20,0.0,22,0,1
extreme,10,0.6033505306077214,0.5144821062606536,vector,0.5,0.5,20,0.0,22,0,1
extreme,10,0.6033505306077214,0.5144821062606536,vector,0.8,0.15,20,0.3181818181818182,21,1,2
extreme,10,0.6033505306077214,0.5144821062606536,vector,0.8,0.3,20,0.3181818181818182,21,1,2
extreme,10,0.6033505306077214,0.5144821062606536,vector,0.8,0.5,20,0.3181818181818182,21,1,2
extreme,10,0.6033505306077214,0.5144821062606536,within_unit,0.5,0.15,0,0.8181818181818182,12,0,5
extreme,10,0.6033505306077214,0.5144821062606536,within_unit,0.5,0.3,0,1.8636363636363635,8,0,7
extreme,10,0.6033505306077214,0.5144821062606536,within_unit,0.5,0.5,0,3.227272727272727,4,0,7
extreme,10,0.6033505306077214,0.5144821062606536,within_unit,0.8,0.15,0,0.9090909090909091,11,0,5
extreme,10,0.6033505306077214,0.5144821062606536,within_unit,0.8,0.3,0,2.0454545454545454,6,0,7
extreme,10,0.6033505306077214,0.5144821062606536,within_unit,0.8,0.5,0,3.727272727272727,1,2,8
extreme,11,0.6109773705665271,0.5115501166889881,global_linear,0.5,0.15,13,0.13636363636363635,21,0,2
extreme,11,0.6109773705665271,0.5115501166889881,global_linear,0.5,0.3,13,0.13636363636363635,21,0,2
extreme,11,0.6109773705665271,0.5115501166889881,global_linear,0.5,0.5,13,0.13636363636363635,21,0,2
extreme,11,0.6109773705665271,0.5115501166889881,global_linear,0.8,0.15,13,0.3181818181818182,21,1,2
extreme,11,0.6109773705665271,0.5115501166889881,global_linear,0.8,0.3,13,0.3181818181818182,21,1,2
extreme,11,0.6109773705665271,0.5115501166889881,global_linear,0.8,0.5,13,0.3181818181818182,21,1,2
extreme,11,0.6109773705665271,0.5115501166889881,vector,0.5,0.15,19,0.13636363636363635,21,0,2
extreme,11,0.6109773705665271,0.5115501166889881,vector,0.5,0.3,19,0.13636363636363635,21,0,2
extreme,11,0.6109773705665271,0.5115501166889881,vector,0.5,0.5,19,0.13636363636363635,21,0,2
extreme,11,0.6109773705665271,0.5115501166889881,vector,0.8,0.15,19,0.3181818181818182,21,1,2
extreme,11,0.6109773705665271,0.5115501166889881,vector,0.8,0.3,19,0.3181818181818182,21,1,2
extreme,11,0.6109773705665271,0.5115501166889881,vector,0.8,0.5,19,0.3181818181818182,21,1,2
extreme,11,0.6109773705665271,0.5115501166889881,within_unit,0.5,0.15,0,0.9545454545454546,12,0,5
extreme,11,0.6109773705665271,0.5115501166889881,within_unit,0.5,0.3,0,2.0454545454545454,6,0,7
extreme,11,0.6109773705665271,0.5115501166889881,within_unit,0.5,0.5,0,3.6363636363636362,1,1,8
extreme,11,0.6109773705665271,0.5115501166889881,within_unit,0.8,0.15,0,1.0454545454545454,12,0,5
extreme,11,0.6109773705665271,0.5115501166889881,within_unit,0.8,0.3,0,2.3636363636363638,4,0,7
extreme,11,0.6109773705665271,0.5115501166889881,within_unit,0.8,0.5,0,3.9545454545454546,1,2,8
extreme,12,0.6322212682001109,0.5225246448942481,global_linear,0.5,0.15,14,0.3181818181818182,21,1,2
extreme,12,0.6322212682001109,0.5225246448942481,global_linear,0.5,0.3,14,0.3181818181818182,21,1,2
extreme,12,0.6322212682001109,0.5225246448942481,global_linear,0.5,0.5,14,0.3181818181818182,21,1,2
extreme,12,0.6322212682001109,0.5225246448942481,global_linear,0.8,0.15,14,0.4090909090909091,19,1,3
extreme,12,0.6322212682001109,0.5225246448942481,global_linear,0.8,0.3,14,0.4090909090909091,19,1,3
extreme,12,0.6322212682001109,0.5225246448942481,global_linear,0.8,0.5,14,0.4090909090909091,19,1,3
extreme,12,0.6322212682001109,0.5225246448942481,vector,0.5,0.15,18,0.0,22,0,1
extreme,12,0.6322212682001109,0.5225246448942481,vector,0.5,0.3,18,0.0,22,0,1
extreme,12,0.6322212682001109,0.5225246448942481,vector,0.5,0.5,18,0.0,22,0,1
extreme,12,0.6322212682001109,0.5225246448942481,vector,0.8,0.15,18,0.3181818181818182,21,1,2
extreme,12,0.6322212682001109,0.5225246448942481,vector,0.8,0.3,18,0.3181818181818182,21,1,2
extreme,12,0.6322212682001109,0.5225246448942481,vector,0.8,0.5,18,0.3181818181818182,21,1,2
extreme,12,0.6322212682001109,0.5225246448942481,within_unit,0.5,0.15,0,0.9090909090909091,6,0,4
extreme,12,0.6322212682001109,0.5225246448942481,within_unit,0.5,0.3,0,2.0454545454545454,3,0,6
extreme,12,0.6322212682001109,0.5225246448942481,within_unit,0.5,0.5,0,3.5454545454545454,0,2,6
extreme,12,0.6322212682001109,0.5225246448942481,within_unit,0.8,0.15,0,1.0,10,0,4
extreme,12,0.6322212682001109,0.5225246448942481,within_unit,0.8,0.3,0,2.272727272727273,4,1,7
extreme,12,0.6322212682001109,0.5225246448942481,within_unit,0.8,0.5,0,3.909090909090909,0,3,7
extreme,13,0.6039595315640316,0.5079508475242189,global_linear,0.5,0.15,11,0.2727272727272727,21,0,2
extreme,13,0.6039595315640316,0.5079508475242189,global_linear,0.5,0.3,11,0.2727272727272727,21,0,2
extreme,13,0.6039595315640316,0.5079508475242189,global_linear,0.5,0.5,11,0.2727272727272727,21,0,2
extreme,13,0.6039595315640316,0.5079508475242189,global_linear,0.8,0.15,11,0.36363636363636365,19,0,3
extreme,13,0.6039595315640316,0.5079508475242189,global_linear,0.8,0.3,11,0.36363636363636365,19,0,3
extreme,13,0.6039595315640316,0.5079508475242189,global_linear,0.8,0.5,11,0.36363636363636365,19,0,3
extreme,13,0.6039595315640316,0.5079508475242189,vector,0.5,0.15,19,0.0,22,0,1
extreme,13,0.6039595315640316,0.5079508475242189,vector,0.5,0.3,19,0.0,22,0,1
extreme,13,0.6039595315640316,0.5079508475242189,vector,0.5,0.5,19,0.0,22,0,1
extreme,13,0.6039595315640316,0.5079508475242189,vector,0.8,0.15,19,0.3181818181818182,20,0,3
extreme,13,0.6039595315640316,0.5079508475242189,vector,0.8,0.3,19,0.3181818181818182,20,0,3
extreme,13,0.6039595315640316,0.5079508475242189,vector,0.8,0.5,19,0.3181818181818182,20,0,3
extreme,13,0.6039595315640316,0.5079508475242189,within_unit,0.5,0.15,0,0.9090909090909091,11,0,5
extreme,13,0.6039595315640316,0.5079508475242189,within_unit,0.5,0.3,0,1.9090909090909092,7,0,7
extreme,13,0.6039595315640316,0.5079508475242189,within_unit,0.5,0.5,0,3.4545454545454546,1,2,8
extreme,13,0.6039595315640316,0.5079508475242189,within_unit,0.8,0.15,0,0.9545454545454546,11,0,6
extreme,13,0.6039595315640316,0.5079508475242189,within_unit,0.8,0.3,0,2.1363636363636362,6,0,7
extreme,13,0.6039595315640316,0.5079508475242189,within_unit,0.8,0.5,0,3.727272727272727,0,1,7
extreme,14,0.6203811522968596,0.5204042372259771,global_linear,0.5,0.15,14,0.18181818181818182,21,0,2
extreme,14,0.6203811522968596,0.5204042372259771,global_linear,0.5,0.3,14,0.18181818181818182,21,0,2
extreme,14,0.6203811522968596,0.5204042372259771,global_linear,0.5,0.5,14,0.18181818181818182,21,0,2
extreme,14,0.6203811522968596,0.5204042372259771,global_linear,0.8,0.15,14,0.36363636363636365,20,1,3
extreme,14,0.6203811522968596,0.5204042372259771,global_linear,0.8,0.3,14,0.36363636363636365,20,1,3
extreme,14,0.6203811522968596,0.5204042372259771,global_linear,0.8,0.5,14,0.36363636363636365,20,1,3
extreme,14,0.6203811522968596,0.5204042372259771,vector,0.5,0.15,20,0.0,22,0,1
extreme,14,0.6203811522968596,0.5204042372259771,vector,0.5,0.3,20,0.0,22,0,1
extreme,14,0.6203811522968596,0.5204042372259771,vector,0.5,0.5,20,0.0,22,0,1
extreme,14,0.6203811522968596,0.5204042372259771,vector,0.8,0.15,20,0.3181818181818182,21,1,2
extreme,14,0.6203811522968596,0.5204042372259771,vector,0.8,0.3,20,0.3181818181818182,21,1,2
extreme,14,0.6203811522968596,0.5204042372259771,vector,0.8,0.5,20,0.3181818181818182,21,1,2
extreme,14,0.6203811522968596,0.5204042372259771,within_unit,0.5,0.15,0,0.8636363636363636,8,0,4
extreme,14,0.6203811522968596,0.5204042372259771,within_unit,0.5,0.3,0,2.1363636363636362,3,0,7
extreme,14,0.6203811522968596,0.5204042372259771,within_unit,0.5,0.5,0,3.6363636363636362,0,0,6
extreme,14,0.6203811522968596,0.5204042372259771,within_unit,0.8,0.15,0,0.9545454545454546,10,0,5
extreme,14,0.6203811522968596,0.5204042372259771,within_unit,0.8,0.3,0,2.227272727272727,2,0,7
extreme,14,0.6203811522968596,0.5204042372259771,within_unit,0.8,0.5,0,4.0,1,3,8
extreme,15,0.6139599347442044,0.5064454084181115,global_linear,0.5,0.15,12,0.3181818181818182,21,1,2
extreme,15,0.6139599347442044,0.5064454084181115,global_linear,0.5,0.3,12,0.3181818181818182,21,1,2
extreme,15,0.6139599347442044,0.5064454084181115,global_linear,0.5,0.5,12,0.3181818181818182,21,1,2
extreme,15,0.6139599347442044,0.5064454084181115,global_linear,0.8,0.15,12,0.3181818181818182,21,1,2
extreme,15,0.6139599347442044,0.5064454084181115,global_linear,0.8,0.3,12,0.3181818181818182,21,1,2
extreme,15,0.6139599347442044,0.5064454084181115,global_linear,0.8,0.5,12,0.3181818181818182,21,1,2
extreme,15,0.6139599347442044,0.5064454084181115,vector,0.5,0.15,20,0.045454545454545456,21,0,2
extreme,15,0.6139599347442044,0.5064454084181115,vector,0.5,0.3,20,0.045454545454545456,21,0,2
extreme,15,0.6139599347442044,0.5064454084181115,vector,0.5,0.5,20,0.045454545454545456,21,0,2
extreme,15,0.6139599347442044,0.5064454084181115,vector,0.8,0.15,20,0.3181818181818182,21,1,2
extreme,15,0.6139599347442044,0.5064454084181115,vector,0.8,0.3,20,0.3181818181818182,21,1,2
extreme,15,0.6139599347442044,0.5064454084181115,vector,0.8,0.5,20,0.3181818181818182,21,1,2
extreme,15,0.6139599347442044,0.5064454084181115,within_unit,0.5,0.15,0,0.8636363636363636,10,0,4
extreme,15,0.6139599347442044,0.5064454084181115,within_unit,0.5,0.3,0,2.0454545454545454,4,0,6
extreme,15,0.6139599347442044,0.5064454084181115,within_unit,0.5,0.5,0,3.5,1,1,8
extreme,15,0.6139599347442044,0.5064454084181115,within_unit,0.8,0.15,0,0.9090909090909091,11,0,4
extreme,15,0.6139599347442044,0.5064454084181115,within_unit,0.8,0.3,0,2.090909090909091,5,0,6
extreme,15,0.6139599347442044,0.5064454084181115,within_unit,0.8,0.5,0,3.8636363636363638,0,0,6
extreme,16,0.650140701614278,0.5185186969421333,global_linear,0.5,0.15,13,0.3181818181818182,21,1,2
extreme,16,0.650140701614278,0.5185186969421333,global_linear,0.5,0.3,13,0.3181818181818182,21,1,2
extreme,16,0.650140701614278,0.5185186969421333,global_linear,0.5,0.5,13,0.3181818181818182,21,1,2
extreme,16,0.650140701614278,0.5185186969421333,global_linear,0.8,0.15,13,0.3181818181818182,21,1,2
extreme,16,0.650140701614278,0.5185186969421333,global_linear,0.8,0.3,13,0.3181818181818182,21,1,2
extreme,16,0.650140701614278,0.5185186969421333,global_linear,0.8,0.5,13,0.3181818181818182,21,1,2
extreme,16,0.650140701614278,0.5185186969421333,vector,0.5,0.15,20,0.0,22,0,1
extreme,16,0.650140701614278,0.5185186969421333,vector,0.5,0.3,20,0.0,22,0,1
extreme,16,0.650140701614278,0.5185186969421333,vector,0.5,0.5,20,0.0,22,0,1
extreme,16,0.650140701614278,0.5185186969421333,vector,0.8,0.15,20,0.3181818181818182,21,1,2
extreme,16,0.650140701614278,0.5185186969421333,vector,0.8,0.3,20,0.3181818181818182,21,1,2
extreme,16,0.650140701614278,0.5185186969421333,vector,0.8,0.5,20,0.3181818181818182,21,1,2
extreme,16,0.650140701614278,0.5185186969421333,within_unit,0.5,0.15,0,0.9090909090909091,13,0,4
extreme,16,0.650140701614278,0.5185186969421333,within_unit,0.5,0.3,0,2.090909090909091,6,0,6
extreme,16,0.650140701614278,0.5185186969421333,within_unit,0.5,0.5,0,3.5,2,1,8
extreme,16,0.650140701614278,0.5185186969421333,within_unit,0.8,0.15,0,0.9545454545454546,13,0,5
extreme,16,0.650140701614278,0.5185186969421333,within_unit,0.8,0.3,0,2.227272727272727,6,0,7
extreme,16,0.650140701614278,0.5185186969421333,within_unit,0.8,0.5,0,3.8181818181818183,2,2,8
extreme,17,0.6382252280885716,0.5216653753847117,global_linear,0.5,0.15,12,0.045454545454545456,21,0,2
extreme,17,0.6382252280885716,0.5216653753847117,global_linear,0.5,0.3,12,0.045454545454545456,21,0,2
extreme,17,0.6382252280885716,0.5216653753847117,global_linear,0.5,0.5,12,0.045454545454545456,21,0,2
extreme,17,0.6382252280885716,0.5216653753847117,global_linear,0.8,0.15,12,0.36363636363636365,20,1,3
extreme,17,0.6382252280885716,0.5216653753847117,global_linear,0.8,0.3,12,0.36363636363636365,20,1,3
extreme,17,0.6382252280885716,0.5216653753847117,global_linear,0.8,0.5,12,0.36363636363636365,20,1,3
extreme,17,0.6382252280885716,0.5216653753847117,vector,0.5,0.15,18,0.0,22,0,1
extreme,17,0.6382252280885716,0.5216653753847117,vector,0.5,0.3,18,0.0,22,0,1
extreme,17,0.6382252280885716,0.5216653753847117,vector,0.5,0.5,18,0.0,22,0,1
extreme,17,0.6382252280885716,0.5216653753847117,vector,0.8,0.15,18,0.36363636363636365,20,1,3
extreme,17,0.6382252280885716,0.5216653753847117,vector,0.8,0.3,18,0.36363636363636365,20,1,3
extreme,17,0.6382252280885716,0.5216653753847117,vector,0.8,0.5,18,0.36363636363636365,20,1,3
extreme,17,0.6382252280885716,0.5216653753847117,within_unit,0.5,0.15,0,0.9545454545454546,11,0,5
extreme,17,0.6382252280885716,0.5216653753847117,within_unit,0.5,0.3,0,2.090909090909091,7,1,6
extreme,17,0.6382252280885716,0.5216653753847117,within_unit,0.5,0.5,0,3.6363636363636362,5,6,6
extreme,17,0.6382252280885716,0.5216653753847117,within_unit,0.8,0.15,0,1.0,10,0,4
extreme,17,0.6382252280885716,0.5216653753847117,within_unit,0.8,0.3,0,2.272727272727273,4,2,5
extreme,17,0.6382252280885716,0.5216653753847117,within_unit,0.8,0.5,0,3.8636363636363638,0,3,7
extreme,18,0.6167134870244146,0.5100046553223436,global_linear,0.5,0.15,9,0.2727272727272727,21,0,2
extreme,18,0.6167134870244146,0.5100046553223436,global_linear,0.5,0.3,9,0.2727272727272727,21,0,2
extreme,18,0.6167134870244146,0.5100046553223436,global_linear,0.5,0.5,9,0.2727272727272727,21,0,2
extreme,18,0.6167134870244146,0.5100046553223436,global_linear,0.8,0.15,9,0.36363636363636365,19,0,3
extreme,18,0.6167134870244146,0.5100046553223436,global_linear,0.8,0.3,9,0.36363636363636365,19,0,3
extreme,18,0.6167134870244146,0.5100046553223436,global_linear,0.8,0.5,9,0.36363636363636365,19,0,3
extreme,18,0.6167134870244146,0.5100046553223436,vector,0.5,0.15,20,0.0,22,0,1
extreme,18,0.6167134870244146,0.5100046553223436,vector,0.5,0.3,20,0.0,22,0,1
extreme,18,0.6167134870244146,0.5100046553223436,vector,0.5,0.5,20,0.0,22,0,1
extreme,18,0.6167134870244146,0.5100046553223436,vector,0.8,0.15,20,0.2727272727272727,21,0,2
extreme,18,0.6167134870244146,0.5100046553223436,vector,0.8,0.3,20,0.2727272727272727,21,0,2
extreme,18,0.6167134870244146,0.5100046553223436,vector,0.8,0.5,20,0.2727272727272727,21,0,2
extreme,18,0.6167134870244146,0.5100046553223436,within_unit,0.5,0.15,0,0.9545454545454546,14,0,5
extreme,18,0.6167134870244146,0.5100046553223436,within_unit,0.5,0.3,0,2.090909090909091,8,0,6
extreme,18,0.6167134870244146,0.5100046553223436,within_unit,0.5,0.5,0,3.5,3,0,7
extreme,18,0.6167134870244146,0.5100046553223436,within_unit,0.8,0.15,0,0.9545454545454546,13,0,4
extreme,18,0.6167134870244146,0.5100046553223436,within_unit,0.8,0.3,0,2.272727272727273,5,0,7
extreme,18,0.6167134870244146,0.5100046553223436,within_unit,0.8,0.5,0,3.8181818181818183,2,2,8
extreme,19,0.6182093495530787,0.5140789164656696,global_linear,0.5,0.15,13,0.13636363636363635,21,0,2
extreme,19,0.6182093495530787,0.5140789164656696,global_linear,0.5,0.3,13,0.13636363636363635,21,0,2
extreme,19,0.6182093495530787,0.5140789164656696,global_linear,0.5,0.5,13,0.13636363636363635,21,0,2
extreme,19,0.6182093495530787,0.5140789164656696,global_linear,0.8,0.15,13,0.3181818181818182,21,1,2
extreme,19,0.6182093495530787,0.5140789164656696,global_linear,0.8,0.3,13,0.3181818181818182,21,1,2
extreme,19,0.6182093495530787,0.5140789164656696,global_linear,0.8,0.5,13,0.3181818181818182,21,1,2
extreme,19,0.6182093495530787,0.5140789164656696,vector,0.5,0.15,20,0.045454545454545456,21,0,2
extreme,19,0.6182093495530787,0.5140789164656696,vector,0.5,0.3,20,0.045454545454545456,21,0,2
extreme,19,0.6182093495530787,0.5140789164656696,vector,0.5,0.5,20,0.045454545454545456,21,0,2
extreme,19,0.6182093495530787,0.5140789164656696,vector,0.8,0.15,20,0.2727272727272727,21,0,2
extreme,19,0.6182093495530787,0.5140789164656696,vector,0.8,0.3,20,0.2727272727272727,21,0,2
extreme,19,0.6182093495530787,0.5140789164656696,vector,0.8,0.5,20,0.2727272727272727,21,0,2
extreme,19,0.6182093495530787,0.5140789164656696,within_unit,0.5,0.15,0,0.8636363636363636,10,0,4
extreme,19,0.6182093495530787,0.5140789164656696,within_unit,0.5,0.3,0,2.0454545454545454,4,0,7
extreme,19,0.6182093495530787,0.5140789164656696,within_unit,0.5,0.5,0,3.3181818181818183,2,2,8
extreme,19,0.6182093495530787,0.5140789164656696,within_unit,0.8,0.15,0,0.9545454545454546,9,0,4
extreme,19,0.6182093495530787,0.5140789164656696,within_unit,0.8,0.3,0,2.1363636363636362,2,1,7
extreme,19,0.6182093495530787,0.5140789164656696,within_unit,0.8,0.5,0,3.8181818181818183,1,3,8
pww_like,0,0.6657831272585519,0.5725567620927937,global_linear,0.5,0.15,14,0.09090909090909091,21,0,2
pww_like,0,0.6657831272585519,0.5725567620927937,global_linear,0.5,0.3,14,0.09090909090909091,21,0,2
pww_like,0,0.6657831272585519,0.5725567620927937,global_linear,0.5,0.5,14,0.09090909090909091,21,0,2
pww_like,0,0.6657831272585519,0.5725567620927937,global_linear,0.8,0.15,14,0.3181818181818182,21,1,2
pww_like,0,0.6657831272585519,0.5725567620927937,global_linear,0.8,0.3,14,0.3181818181818182,21,1,2
pww_like,0,0.6657831272585519,0.5725567620927937,global_linear,0.8,0.5,14,0.3181818181818182,21,1,2
pww_like,0,0.6657831272585519,0.5725567620927937,vector,0.5,0.15,21,0.045454545454545456,21,0,2
pww_like,0,0.6657831272585519,0.5725567620927937,vector,0.5,0.3,21,0.045454545454545456,21,0,2
pww_like,0,0.6657831272585519,0.5725567620927937,vector,0.5,0.5,21,0.045454545454545456,21,0,2
pww_like,0,0.6657831272585519,0.5725567620927937,vector,0.8,0.15,21,0.3181818181818182,21,1,2
pww_like,0,0.6657831272585519,0.5725567620927937,vector,0.8,0.3,21,0.3181818181818182,21,1,2
pww_like,0,0.6657831272585519,0.5725567620927937,vector,0.8,0.5,21,0.3181818181818182,21,1,2
pww_like,0,0.6657831272585519,0.5725567620927937,within_unit,0.5,0.15,2,0.8636363636363636,10,0,4
pww_like,0,0.6657831272585519,0.5725567620927937,within_unit,0.5,0.3,2,1.9090909090909092,6,0,7
pww_like,0,0.6657831272585519,0.5725567620927937,within_unit,0.5,0.5,2,3.3181818181818183,2,1,8
pww_like,0,0.6657831272585519,0.5725567620927937,within_unit,0.8,0.15,2,0.9090909090909091,10,0,5
pww_like,0,0.6657831272585519,0.5725567620927937,within_unit,0.8,0.3,2,2.1363636363636362,5,0,7
pww_like,0,0.6657831272585519,0.5725567620927937,within_unit,0.8,0.5,2,3.8181818181818183,3,4,8
pww_like,1,0.6773423073704654,0.5725567620927936,global_linear,0.5,0.15,16,0.22727272727272727,21,0,2
pww_like,1,0.6773423073704654,0.5725567620927936,global_linear,0.5,0.3,16,0.22727272727272727,21,0,2
pww_like,1,0.6773423073704654,0.5725567620927936,global_linear,0.5,0.5,16,0.22727272727272727,21,0,2
pww_like,1,0.6773423073704654,0.5725567620927936,global_linear,0.8,0.15,16,0.4090909090909091,19,1,3
pww_like,1,0.6773423073704654,0.5725567620927936,global_linear,0.8,0.3,16,0.4090909090909091,19,1,3
pww_like,1,0.6773423073704654,0.5725567620927936,global_linear,0.8,0.5,16,0.4090909090909091,19,1,3
pww_like,1,0.6773423073704654,0.5725567620927936,vector,0.5,0.15,21,0.045454545454545456,21,0,2
pww_like,1,0.6773423073704654,0.5725567620927936,vector,0.5,0.3,21,0.045454545454545456,21,0,2
pww_like,1,0.6773423073704654,0.5725567620927936,vector,0.5,0.5,21,0.045454545454545456,21,0,2
pww_like,1,0.6773423073704654,0.5725567620927936,vector,0.8,0.15,21,0.3181818181818182,21,1,2
pww_like,1,0.6773423073704654,0.5725567620927936,vector,0.8,0.3,21,0.3181818181818182,21,1,2
pww_like,1,0.6773423073704654,0.5725567620927936,vector,0.8,0.5,21,0.3181818181818182,21,1,2
pww_like,1,0.6773423073704654,0.5725567620927936,within_unit,0.5,0.15,2,0.9090909090909091,9,0,4
pww_like,1,0.6773423073704654,0.5725567620927936,within_unit,0.5,0.3,2,2.0454545454545454,4,0,7
pww_like,1,0.6773423073704654,0.5725567620927936,within_unit,0.5,0.5,2,3.409090909090909,3,2,7
pww_like,1,0.6773423073704654,0.5725567620927936,within_unit,0.8,0.15,2,0.9545454545454546,9,0,5
pww_like,1,0.6773423073704654,0.5725567620927936,within_unit,0.8,0.3,2,2.1818181818181817,4,1,8
pww_like,1,0.6773423073704654,0.5725567620927936,within_unit,0.8,0.5,2,3.772727272727273,3,4,8
pww_like,2,0.6821963487474156,0.5725567620927937,global_linear,0.5,0.15,15,0.22727272727272727,21,0,2
pww_like,2,0.6821963487474156,0.5725567620927937,global_linear,0.5,0.3,15,0.22727272727272727,21,0,2
pww_like,2,0.6821963487474156,0.5725567620927937,global_linear,0.5,0.5,15,0.22727272727272727,21,0,2
pww_like,2,0.6821963487474156,0.5725567620927937,global_linear,0.8,0.15,15,0.36363636363636365,20,1,3
pww_like,2,0.6821963487474156,0.5725567620927937,global_linear,0.8,0.3,15,0.36363636363636365,20,1,3
pww_like,2,0.6821963487474156,0.5725567620927937,global_linear,0.8,0.5,15,0.36363636363636365,20,1,3
pww_like,2,0.6821963487474156,0.5725567620927937,vector,0.5,0.15,19,0.0,22,0,1
pww_like,2,0.6821963487474156,0.5725567620927937,vector,0.5,0.3,19,0.0,22,0,1
pww_like,2,0.6821963487474156,0.5725567620927937,vector,0.5,0.5,19,0.0,22,0,1
pww_like,2,0.6821963487474156,0.5725567620927937,vector,0.8,0.15,19,0.3181818181818182,21,1,2
pww_like,2,0.6821963487474156,0.5725567620927937,vector,0.8,0.3,19,0.3181818181818182,21,1,2
pww_like,2,0.6821963487474156,0.5725567620927937,vector,0.8,0.5,19,0.3181818181818182,21,1,2
pww_like,2,0.6821963487474156,0.5725567620927937,within_unit,0.5,0.15,2,0.9545454545454546,11,0,5
pww_like,2,0.6821963487474156,0.5725567620927937,within_unit,0.5,0.3,2,2.0,7,0,6
pww_like,2,0.6821963487474156,0.5725567620927937,within_unit,0.5,0.5,2,3.3636363636363638,4,2,7
pww_like,2,0.6821963487474156,0.5725567620927937,within_unit,0.8,0.15,2,1.0,12,0,5
pww_like,2,0.6821963487474156,0.5725567620927937,within_unit,0.8,0.3,2,2.227272727272727,6,1,7
pww_like,2,0.6821963487474156,0.5725567620927937,within_unit,0.8,0.5,2,3.8636363636363638,3,4,8
pww_like,3,0.7160392615317792,0.5725567620927937,global_linear,0.5,0.15,13,0.18181818181818182,21,0,2
pww_like,3,0.7160392615317792,0.5725567620927937,global_linear,0.5,0.3,13,0.18181818181818182,21,0,2
pww_like,3,0.7160392615317792,0.5725567620927937,global_linear,0.5,0.5,13,0.18181818181818182,21,0,2
pww_like,3,0.7160392615317792,0.5725567620927937,global_linear,0.8,0.15,13,0.3181818181818182,21,1,2
pww_like,3,0.7160392615317792,0.5725567620927937,global_linear,0.8,0.3,13,0.3181818181818182,21,1,2
pww_like,3,0.7160392615317792,0.5725567620927937,global_linear,0.8,0.5,13,0.3181818181818182,21,1,2
pww_like,3,0.7160392615317792,0.5725567620927937,vector,0.5,0.15,20,0.045454545454545456,21,0,2
pww_like,3,0.7160392615317792,0.5725567620927937,vector,0.5,0.3,20,0.045454545454545456,21,0,2
pww_like,3,0.7160392615317792,0.5725567620927937,vector,0.5,0.5,20,0.045454545454545456,21,0,2
pww_like,3,0.7160392615317792,0.5725567620927937,vector,0.8,0.15,20,0.3181818181818182,21,1,2
pww_like,3,0.7160392615317792,0.5725567620927937,vector,0.8,0.3,20,0.3181818181818182,21,1,2
pww_like,3,0.7160392615317792,0.5725567620927937,vector,0.8,0.5,20,0.3181818181818182,21,1,2
pww_like,3,0.7160392615317792,0.5725567620927937,within_unit,0.5,0.15,2,0.9090909090909091,12,0,5
pww_like,3,0.7160392615317792,0.5725567620927937,within_unit,0.5,0.3,2,2.1818181818181817,6,1,8
pww_like,3,0.7160392615317792,0.5725567620927937,within_unit,0.5,0.5,2,3.590909090909091,2,1,8
pww_like,3,0.7160392615317792,0.5725567620927937,within_unit,0.8,0.15,2,1.0,12,0,5
pww_like,3,0.7160392615317792,0.5725567620927937,within_unit,0.8,0.3,2,2.272727272727273,6,0,7
pww_like,3,0.7160392615317792,0.5725567620927937,within_unit,0.8,0.5,2,3.8636363636363638,2,2,7
pww_like,4,0.6923324083950695,0.5725567620927937,global_linear,0.5,0.15,15,0.13636363636363635,21,0,2
pww_like,4,0.6923324083950695,0.5725567620927937,global_linear,0.5,0.3,15,0.13636363636363635,21,0,2
pww_like,4,0.6923324083950695,0.5725567620927937,global_linear,0.5,0.5,15,0.13636363636363635,21,0,2
pww_like,4,0.6923324083950695,0.5725567620927937,global_linear,0.8,0.15,15,0.3181818181818182,21,1,2
pww_like,4,0.6923324083950695,0.5725567620927937,global_linear,0.8,0.3,15,0.3181818181818182,21,1,2
pww_like,4,0.6923324083950695,0.5725567620927937,global_linear,0.8,0.5,15,0.3181818181818182,21,1,2
pww_like,4,0.6923324083950695,0.5725567620927937,vector,0.5,0.15,21,0.045454545454545456,21,0,2
pww_like,4,0.6923324083950695,0.5725567620927937,vector,0.5,0.3,21,0.045454545454545456,21,0,2
pww_like,4,0.6923324083950695,0.5725567620927937,vector,0.5,0.5,21,0.045454545454545456,21,0,2
pww_like,4,0.6923324083950695,0.5725567620927937,vector,0.8,0.15,21,0.3181818181818182,21,1,2
pww_like,4,0.6923324083950695,0.5725567620927937,vector,0.8,0.3,21,0.3181818181818182,21,1,2
pww_like,4,0.6923324083950695,0.5725567620927937,vector,0.8,0.5,21,0.3181818181818182,21,1,2
pww_like,4,0.6923324083950695,0.5725567620927937,within_unit,0.5,0.15,2,0.8636363636363636,12,0,4
pww_like,4,0.6923324083950695,0.5725567620927937,within_unit,0.5,0.3,2,1.8636363636363635,7,0,5
pww_like,4,0.6923324083950695,0.5725567620927937,within_unit,0.5,0.5,2,3.3636363636363638,4,2,8
pww_like,4,0.6923324083950695,0.5725567620927937,within_unit,0.8,0.15,2,0.9090909090909091,13,0,5
pww_like,4,0.6923324083950695,0.5725567620927937,within_unit,0.8,0.3,2,2.090909090909091,7,1,8
pww_like,4,0.6923324083950695,0.5725567620927937,within_unit,0.8,0.5,2,3.6363636363636362,3,4,7
pww_like,5,0.6760891880284585,0.5725567620927937,global_linear,0.5,0.15,15,0.09090909090909091,21,0,2
pww_like,5,0.6760891880284585,0.5725567620927937,global_linear,0.5,0.3,15,0.09090909090909091,21,0,2
pww_like,5,0.6760891880284585,0.5725567620927937,global_linear,0.5,0.5,15,0.09090909090909091,21,0,2
pww_like,5,0.6760891880284585,0.5725567620927937,global_linear,0.8,0.15,15,0.3181818181818182,21,1,2
pww_like,5,0.6760891880284585,0.5725567620927937,global_linear,0.8,0.3,15,0.3181818181818182,21,1,2
pww_like,5,0.6760891880284585,0.5725567620927937,global_linear,0.8,0.5,15,0.3181818181818182,21,1,2
pww_like,5,0.6760891880284585,0.5725567620927937,vector,0.5,0.15,21,0.09090909090909091,21,0,2
pww_like,5,0.6760891880284585,0.5725567620927937,vector,0.5,0.3,21,0.09090909090909091,21,0,2
pww_like,5,0.6760891880284585,0.5725567620927937,vector,0.5,0.5,21,0.09090909090909091,21,0,2
pww_like,5,0.6760891880284585,0.5725567620927937,vector,0.8,0.15,21,0.3181818181818182,21,1,2
pww_like,5,0.6760891880284585,0.5725567620927937,vector,0.8,0.3,21,0.3181818181818182,21,1,2
pww_like,5,0.6760891880284585,0.5725567620927937,vector,0.8,0.5,21,0.3181818181818182,21,1,2
pww_like,5,0.6760891880284585,0.5725567620927937,within_unit,0.5,0.15,2,1.0,13,0,6
pww_like,5,0.6760891880284585,0.5725567620927937,within_unit,0.5,0.3,2,2.0454545454545454,8,0,7
pww_like,5,0.6760891880284585,0.5725567620927937,within_unit,0.5,0.5,2,3.5,4,2,8
pww_like,5,0.6760891880284585,0.5725567620927937,within_unit,0.8,0.15,2,1.0,13,0,6
pww_like,5,0.6760891880284585,0.5725567620927937,within_unit,0.8,0.3,2,2.3636363636363638,9,2,7
pww_like,5,0.6760891880284585,0.5725567620927937,within_unit,0.8,0.5,2,4.045454545454546,4,4,7
pww_like,6,0.6410366254764281,0.5725567620927937,global_linear,0.5,0.15,19,0.13636363636363635,21,0,2
pww_like,6,0.6410366254764281,0.5725567620927937,global_linear,0.5,0.3,19,0.13636363636363635,21,0,2
pww_like,6,0.6410366254764281,0.5725567620927937,global_linear,0.5,0.5,19,0.13636363636363635,21,0,2
pww_like,6,0.6410366254764281,0.5725567620927937,global_linear,0.8,0.15,19,0.3181818181818182,21,1,2
pww_like,6,0.6410366254764281,0.5725567620927937,global_linear,0.8,0.3,19,0.3181818181818182,21,1,2
pww_like,6,0.6410366254764281,0.5725567620927937,global_linear,0.8,0.5,19,0.3181818181818182,21,1,2
pww_like,6,0.6410366254764281,0.5725567620927937,vector,0.5,0.15,21,0.0,22,0,1
pww_like,6,0.6410366254764281,0.5725567620927937,vector,0.5,0.3,21,0.0,22,0,1
pww_like,6,0.6410366254764281,0.5725567620927937,vector,0.5,0.5,21,0.0,22,0,1
pww_like,6,0.6410366254764281,0.5725567620927937,vector,0.8,0.15,21,0.3181818181818182,21,1,2
pww_like,6,0.6410366254764281,0.5725567620927937,vector,0.8,0.3,21,0.3181818181818182,21,1,2
pww_like,6,0.6410366254764281,0.5725567620927937,vector,0.8,0.5,21,0.3181818181818182,21,1,2
pww_like,6,0.6410366254764281,0.5725567620927937,within_unit,0.5,0.15,2,0.9090909090909091,12,0,5
pww_like,6,0.6410366254764281,0.5725567620927937,within_unit,0.5,0.3,2,2.0,4,0,7
pww_like,6,0.6410366254764281,0.5725567620927937,within_unit,0.5,0.5,2,3.409090909090909,3,1,8
pww_like,6,0.6410366254764281,0.5725567620927937,within_unit,0.8,0.15,2,0.9545454545454546,13,0,5
pww_like,6,0.6410366254764281,0.5725567620927937,within_unit,0.8,0.3,2,2.1818181818181817,6,2,7
pww_like,6,0.6410366254764281,0.5725567620927937,within_unit,0.8,0.5,2,3.8181818181818183,3,5,8
pww_like,7,0.6875603356167843,0.5725567620927937,global_linear,0.5,0.15,15,0.09090909090909091,21,0,2
pww_like,7,0.6875603356167843,0.5725567620927937,global_linear,0.5,0.3,15,0.09090909090909091,21,0,2
pww_like,7,0.6875603356167843,0.5725567620927937,global_linear,0.5,0.5,15,0.09090909090909091,21,0,2
pww_like,7,0.6875603356167843,0.5725567620927937,global_linear,0.8,0.15,15,0.4090909090909091,19,1,3
pww_like,7,0.6875603356167843,0.5725567620927937,global_linear,0.8,0.3,15,0.4090909090909091,19,1,3
pww_like,7,0.6875603356167843,0.5725567620927937,global_linear,0.8,0.5,15,0.4090909090909091,19,1,3
pww_like,7,0.6875603356167843,0.5725567620927937,vector,0.5,0.15,19,0.0,22,0,1
pww_like,7,0.6875603356167843,0.5725567620927937,vector,0.5,0.3,19,0.0,22,0,1
pww_like,7,0.6875603356167843,0.5725567620927937,vector,0.5,0.5,19,0.0,22,0,1
pww_like,7,0.6875603356167843,0.5725567620927937,vector,0.8,0.15,19,0.36363636363636365,20,1,3
pww_like,7,0.6875603356167843,0.5725567620927937,vector,0.8,0.3,19,0.36363636363636365,20,1,3
pww_like,7,0.6875603356167843,0.5725567620927937,vector,0.8,0.5,19,0.36363636363636365,20,1,3
pww_like,7,0.6875603356167843,0.5725567620927937,within_unit,0.5,0.15,2,0.8636363636363636,12,0,5
pww_like,7,0.6875603356167843,0.5725567620927937,within_unit,0.5,0.3,2,2.0,7,0,7
pww_like,7,0.6875603356167843,0.5725567620927937,within_unit,0.5,0.5,2,3.590909090909091,2,1,8
pww_like,7,0.6875603356167843,0.5725567620927937,within_unit,0.8,0.15,2,1.0,12,0,5
pww_like,7,0.6875603356167843,0.5725567620927937,within_unit,0.8,0.3,2,2.272727272727273,7,0,7
pww_like,7,0.6875603356167843,0.5725567620927937,within_unit,0.8,0.5,2,3.8636363636363638,3,3,8
pww_like,8,0.6768808774039983,0.5725567620927936,global_linear,0.5,0.15,13,0.2727272727272727,21,0,2
pww_like,8,0.6768808774039983,0.5725567620927936,global_linear,0.5,0.3,13,0.2727272727272727,21,0,2
pww_like,8,0.6768808774039983,0.5725567620927936,global_linear,0.5,0.5,13,0.2727272727272727,21,0,2
pww_like,8,0.6768808774039983,0.5725567620927936,global_linear,0.8,0.15,13,0.2727272727272727,21,0,2
pww_like,8,0.6768808774039983,0.5725567620927936,global_linear,0.8,0.3,13,0.2727272727272727,21,0,2
pww_like,8,0.6768808774039983,0.5725567620927936,global_linear,0.8,0.5,13,0.2727272727272727,21,0,2
pww_like,8,0.6768808774039983,0.5725567620927936,vector,0.5,0.15,21,0.0,22,0,1
pww_like,8,0.6768808774039983,0.5725567620927936,vector,0.5,0.3,21,0.0,22,0,1
pww_like,8,0.6768808774039983,0.5725567620927936,vector,0.5,0.5,21,0.0,22,0,1
pww_like,8,0.6768808774039983,0.5725567620927936,vector,0.8,0.15,21,0.2727272727272727,21,0,2
pww_like,8,0.6768808774039983,0.5725567620927936,vector,0.8,0.3,21,0.2727272727272727,21,0,2
pww_like,8,0.6768808774039983,0.5725567620927936,vector,0.8,0.5,21,0.2727272727272727,21,0,2
pww_like,8,0.6768808774039983,0.5725567620927936,within_unit,0.5,0.15,2,0.8636363636363636,8,0,3
pww_like,8,0.6768808774039983,0.5725567620927936,within_unit,0.5,0.3,2,2.0,4,0,7
pww_like,8,0.6768808774039983,0.5725567620927936,within_unit,0.5,0.5,2,3.409090909090909,2,0,7
pww_like,8,0.6768808774039983,0.5725567620927936,within_unit,0.8,0.15,2,0.9090909090909091,9,0,3
pww_like,8,0.6768808774039983,0.5725567620927936,within_unit,0.8,0.3,2,2.1363636363636362,3,0,7
pww_like,8,0.6768808774039983,0.5725567620927936,within_unit,0.8,0.5,2,3.8636363636363638,2,2,8
pww_like,9,0.6656923645751149,0.5725567620927937,global_linear,0.5,0.15,16,0.2727272727272727,21,0,2
pww_like,9,0.6656923645751149,0.5725567620927937,global_linear,0.5,0.3,16,0.2727272727272727,21,0,2
pww_like,9,0.6656923645751149,0.5725567620927937,global_linear,0.5,0.5,16,0.2727272727272727,21,0,2
pww_like,9,0.6656923645751149,0.5725567620927937,global_linear,0.8,0.15,16,0.3181818181818182,21,1,2
pww_like,9,0.6656923645751149,0.5725567620927937,global_linear,0.8,0.3,16,0.3181818181818182,21,1,2
pww_like,9,0.6656923645751149,0.5725567620927937,global_linear,0.8,0.5,16,0.3181818181818182,21,1,2
pww_like,9,0.6656923645751149,0.5725567620927937,vector,0.5,0.15,21,0.0,22,0,1
pww_like,9,0.6656923645751149,0.5725567620927937,vector,0.5,0.3,21,0.0,22,0,1
pww_like,9,0.6656923645751149,0.5725567620927937,vector,0.5,0.5,21,0.0,22,0,1
pww_like,9,0.6656923645751149,0.5725567620927937,vector,0.8,0.15,21,0.3181818181818182,21,1,2
pww_like,9,0.6656923645751149,0.5725567620927937,vector,0.8,0.3,21,0.3181818181818182,21,1,2
pww_like,9,0.6656923645751149,0.5725567620927937,vector,0.8,0.5,21,0.3181818181818182,21,1,2
pww_like,9,0.6656923645751149,0.5725567620927937,within_unit,0.5,0.15,2,0.8636363636363636,9,0,4
pww_like,9,0.6656923645751149,0.5725567620927937,within_unit,0.5,0.3,2,2.0454545454545454,7,0,7
pww_like,9,0.6656923645751149,0.5725567620927937,within_unit,0.5,0.5,2,3.5,3,1,8
pww_like,9,0.6656923645751149,0.5725567620927937,within_unit,0.8,0.15,2,0.9545454545454546,10,0,5
pww_like,9,0.6656923645751149,0.5725567620927937,within_unit,0.8,0.3,2,2.1818181818181817,8,1,8
pww_like,9,0.6656923645751149,0.5725567620927937,within_unit,0.8,0.5,2,3.8181818181818183,3,3,8
pww_like,10,0.661472588614596,0.5725567620927937,global_linear,0.5,0.15,16,0.22727272727272727,21,0,2
pww_like,10,0.661472588614596,0.5725567620927937,global_linear,0.5,0.3,16,0.22727272727272727,21,0,2
pww_like,10,0.661472588614596,0.5725567620927937,global_linear,0.5,0.5,16,0.22727272727272727,21,0,2
pww_like,10,0.661472588614596,0.5725567620927937,global_linear,0.8,0.15,16,0.36363636363636365,20,1,3
pww_like,10,0.661472588614596,0.5725567620927937,global_linear,0.8,0.3,16,0.36363636363636365,20,1,3
pww_like,10,0.661472588614596,0.5725567620927937,global_linear,0.8,0.5,16,0.36363636363636365,20,1,3
pww_like,10,0.661472588614596,0.5725567620927937,vector,0.5,0.15,21,0.0,22,0,1
pww_like,10,0.661472588614596,0.5725567620927937,vector,0.5,0.3,21,0.0,22,0,1
pww_like,10,0.661472588614596,0.5725567620927937,vector,0.5,0.5,21,0.0,22,0,1
pww_like,10,0.661472588614596,0.5725567620927937,vector,0.8,0.15,21,0.3181818181818182,21,1,2
pww_like,10,0.661472588614596,0.5725567620927937,vector,0.8,0.3,21,0.3181818181818182,21,1,2
pww_like,10,0.661472588614596,0.5725567620927937,vector,0.8,0.5,21,0.3181818181818182,21,1,2
pww_like,10,0.661472588614596,0.5725567620927937,within_unit,0.5,0.15,2,0.8181818181818182,12,0,5
pww_like,10,0.661472588614596,0.5725567620927937,within_unit,0.5,0.3,2,1.9545454545454546,6,0,6
pww_like,10,0.661472588614596,0.5725567620927937,within_unit,0.5,0.5,2,3.3181818181818183,2,1,8
pww_like,10,0.661472588614596,0.5725567620927937,within_unit,0.8,0.15,2,0.9545454545454546,14,0,4
pww_like,10,0.661472588614596,0.5725567620927937,within_unit,0.8,0.3,2,2.1363636363636362,6,0,6
pww_like,10,0.661472588614596,0.5725567620927937,within_unit,0.8,0.5,2,3.6363636363636362,2,1,7
pww_like,11,0.6781798258790197,0.5725567620927937,global_linear,0.5,0.15,13,0.13636363636363635,21,0,2
pww_like,11,0.6781798258790197,0.5725567620927937,global_linear,0.5,0.3,13,0.13636363636363635,21,0,2
pww_like,11,0.6781798258790197,0.5725567620927937,global_linear,0.5,0.5,13,0.13636363636363635,21,0,2
pww_like,11,0.6781798258790197,0.5725567620927937,global_linear,0.8,0.15,13,0.36363636363636365,19,0,3
pww_like,11,0.6781798258790197,0.5725567620927937,global_linear,0.8,0.3,13,0.36363636363636365,19,0,3
pww_like,11,0.6781798258790197,0.5725567620927937,global_linear,0.8,0.5,13,0.36363636363636365,19,0,3
pww_like,11,0.6781798258790197,0.5725567620927937,vector,0.5,0.15,21,0.0,22,0,1
pww_like,11,0.6781798258790197,0.5725567620927937,vector,0.5,0.3,21,0.0,22,0,1
pww_like,11,0.6781798258790197,0.5725567620927937,vector,0.5,0.5,21,0.0,22,0,1
pww_like,11,0.6781798258790197,0.5725567620927937,vector,0.8,0.15,21,0.2727272727272727,21,0,2
pww_like,11,0.6781798258790197,0.5725567620927937,vector,0.8,0.3,21,0.2727272727272727,21,0,2
pww_like,11,0.6781798258790197,0.5725567620927937,vector,0.8,0.5,21,0.2727272727272727,21,0,2
pww_like,11,0.6781798258790197,0.5725567620927937,within_unit,0.5,0.15,2,0.8636363636363636,11,0,5
pww_like,11,0.6781798258790197,0.5725567620927937,within_unit,0.5,0.3,2,1.9545454545454546,6,0,6
pww_like,11,0.6781798258790197,0.5725567620927937,within_unit,0.5,0.5,2,3.4545454545454546,3,2,8
pww_like,11,0.6781798258790197,0.5725567620927937,within_unit,0.8,0.15,2,0.9545454545454546,11,0,5
pww_like,11,0.6781798258790197,0.5725567620927937,within_unit,0.8,0.3,2,2.1363636363636362,5,0,7
pww_like,11,0.6781798258790197,0.5725567620927937,within_unit,0.8,0.5,2,3.772727272727273,2,4,8
pww_like,12,0.6547564939302681,0.5725567620927937,global_linear,0.5,0.15,17,0.09090909090909091,21,0,2
pww_like,12,0.6547564939302681,0.5725567620927937,global_linear,0.5,0.3,17,0.09090909090909091,21,0,2
pww_like,12,0.6547564939302681,0.5725567620927937,global_linear,0.5,0.5,17,0.09090909090909091,21,0,2
pww_like,12,0.6547564939302681,0.5725567620927937,global_linear,0.8,0.15,17,0.3181818181818182,21,1,2
pww_like,12,0.6547564939302681,0.5725567620927937,global_linear,0.8,0.3,17,0.3181818181818182,21,1,2
pww_like,12,0.6547564939302681,0.5725567620927937,global_linear,0.8,0.5,17,0.3181818181818182,21,1,2
pww_like,12,0.6547564939302681,0.5725567620927937,vector,0.5,0.15,21,0.0,22,0,1
pww_like,12,0.6547564939302681,0.5725567620927937,vector,0.5,0.3,21,0.0,22,0,1
pww_like,12,0.6547564939302681,0.5725567620927937,vector,0.5,0.5,21,0.0,22,0,1
pww_like,12,0.6547564939302681,0.5725567620927937,vector,0.8,0.15,21,0.3181818181818182,21,1,2
pww_like,12,0.6547564939302681,0.5725567620927937,vector,0.8,0.3,21,0.3181818181818182,21,1,2
pww_like,12,0.6547564939302681,0.5725567620927937,vector,0.8,0.5,21,0.3181818181818182,21,1,2
pww_like,12,0.6547564939302681,0.5725567620927937,within_unit,0.5,0.15,2,0.8636363636363636,11,0,5
pww_like,12,0.6547564939302681,0.5725567620927937,within_unit,0.5,0.3,2,2.090909090909091,4,0,6
pww_like,12,0.6547564939302681,0.5725567620927937,within_unit,0.5,0.5,2,3.590909090909091,2,2,8
pww_like,12,0.6547564939302681,0.5725567620927937,within_unit,0.8,0.15,2,0.9545454545454546,10,0,5
pww_like,12,0.6547564939302681,0.5725567620927937,within_unit,0.8,0.3,2,2.227272727272727,4,0,6
pww_like,12,0.6547564939302681,0.5725567620927937,within_unit,0.8,0.5,2,3.8636363636363638,2,3,8
pww_like,13,0.6397742248714768,0.5725567620927937,global_linear,0.5,0.15,16,0.18181818181818182,21,0,2
pww_like,13,0.6397742248714768,0.5725567620927937,global_linear,0.5,0.3,16,0.18181818181818182,21,0,2
pww_like,13,0.6397742248714768,0.5725567620927937,global_linear,0.5,0.5,16,0.18181818181818182,21,0,2
pww_like,13,0.6397742248714768,0.5725567620927937,global_linear,0.8,0.15,16,0.3181818181818182,21,1,2
pww_like,13,0.6397742248714768,0.5725567620927937,global_linear,0.8,0.3,16,0.3181818181818182,21,1,2
pww_like,13,0.6397742248714768,0.5725567620927937,global_linear,0.8,0.5,16,0.3181818181818182,21,1,2
pww_like,13,0.6397742248714768,0.5725567620927937,vector,0.5,0.15,21,0.0,22,0,1
pww_like,13,0.6397742248714768,0.5725567620927937,vector,0.5,0.3,21,0.0,22,0,1
pww_like,13,0.6397742248714768,0.5725567620927937,vector,0.5,0.5,21,0.0,22,0,1
pww_like,13,0.6397742248714768,0.5725567620927937,vector,0.8,0.15,21,0.3181818181818182,21,1,2
pww_like,13,0.6397742248714768,0.5725567620927937,vector,0.8,0.3,21,0.3181818181818182,21,1,2
pww_like,13,0.6397742248714768,0.5725567620927937,vector,0.8,0.5,21,0.3181818181818182,21,1,2
pww_like,13,0.6397742248714768,0.5725567620927937,within_unit,0.5,0.15,2,0.8636363636363636,13,0,6
pww_like,13,0.6397742248714768,0.5725567620927937,within_unit,0.5,0.3,2,1.9545454545454546,7,0,6
pww_like,13,0.6397742248714768,0.5725567620927937,within_unit,0.5,0.5,2,3.5454545454545454,3,2,8
pww_like,13,0.6397742248714768,0.5725567620927937,within_unit,0.8,0.15,2,0.9545454545454546,12,0,5
pww_like,13,0.6397742248714768,0.5725567620927937,within_unit,0.8,0.3,2,2.227272727272727,5,0,6
pww_like,13,0.6397742248714768,0.5725567620927937,within_unit,0.8,0.5,2,3.8636363636363638,2,2,8
pww_like,14,0.6464479038340583,0.5725567620927937,global_linear,0.5,0.15,18,0.045454545454545456,21,0,2
pww_like,14,0.6464479038340583,0.5725567620927937,global_linear,0.5,0.3,18,0.045454545454545456,21,0,2
pww_like,14,0.6464479038340583,0.5725567620927937,global_linear,0.5,0.5,18,0.045454545454545456,21,0,2
pww_like,14,0.6464479038340583,0.5725567620927937,global_linear,0.8,0.15,18,0.3181818181818182,21,1,2
pww_like,14,0.6464479038340583,0.5725567620927937,global_linear,0.8,0.3,18,0.3181818181818182,21,1,2
pww_like,14,0.6464479038340583,0.5725567620927937,global_linear,0.8,0.5,18,0.3181818181818182,21,1,2
pww_like,14,0.6464479038340583,0.5725567620927937,vector,0.5,0.15,21,0.045454545454545456,21,0,2
pww_like,14,0.6464479038340583,0.5725567620927937,vector,0.5,0.3,21,0.045454545454545456,21,0,2
pww_like,14,0.6464479038340583,0.5725567620927937,vector,0.5,0.5,21,0.045454545454545456,21,0,2
pww_like,14,0.6464479038340583,0.5725567620927937,vector,0.8,0.15,21,0.3181818181818182,21,1,2
pww_like,14,0.6464479038340583,0.5725567620927937,vector,0.8,0.3,21,0.3181818181818182,21,1,2
pww_like,14,0.6464479038340583,0.5725567620927937,vector,0.8,0.5,21,0.3181818181818182,21,1,2
pww_like,14,0.6464479038340583,0.5725567620927937,within_unit,0.5,0.15,2,0.8636363636363636,13,0,6
pww_like,14,0.6464479038340583,0.5725567620927937,within_unit,0.5,0.3,2,2.090909090909091,8,0,7
pww_like,14,0.6464479038340583,0.5725567620927937,within_unit,0.5,0.5,2,3.727272727272727,3,0,6
pww_like,14,0.6464479038340583,0.5725567620927937,within_unit,0.8,0.15,2,1.0,15,0,7
pww_like,14,0.6464479038340583,0.5725567620927937,within_unit,0.8,0.3,2,2.227272727272727,8,0,7
pww_like,14,0.6464479038340583,0.5725567620927937,within_unit,0.8,0.5,2,3.909090909090909,3,0,6
pww_like,15,0.6913210183621661,0.5725567620927937,global_linear,0.5,0.15,14,0.13636363636363635,21,0,2
pww_like,15,0.6913210183621661,0.5725567620927937,global_linear,0.5,0.3,14,0.13636363636363635,21,0,2
pww_like,15,0.6913210183621661,0.5725567620927937,global_linear,0.5,0.5,14,0.13636363636363635,21,0,2
pww_like,15,0.6913210183621661,0.5725567620927937,global_linear,0.8,0.15,14,0.36363636363636365,20,1,3
pww_like,15,0.6913210183621661,0.5725567620927937,global_linear,0.8,0.3,14,0.36363636363636365,20,1,3
pww_like,15,0.6913210183621661,0.5725567620927937,global_linear,0.8,0.5,14,0.36363636363636365,20,1,3
pww_like,15,0.6913210183621661,0.5725567620927937,vector,0.5,0.15,20,0.045454545454545456,21,0,2
pww_like,15,0.6913210183621661,0.5725567620927937,vector,0.5,0.3,20,0.045454545454545456,21,0,2
pww_like,15,0.6913210183621661,0.5725567620927937,vector,0.5,0.5,20,0.045454545454545456,21,0,2
pww_like,15,0.6913210183621661,0.5725567620927937,vector,0.8,0.15,20,0.36363636363636365,20,1,3
pww_like,15,0.6913210183621661,0.5725567620927937,vector,0.8,0.3,20,0.36363636363636365,20,1,3
pww_like,15,0.6913210183621661,0.5725567620927937,vector,0.8,0.5,20,0.36363636363636365,20,1,3
pww_like,15,0.6913210183621661,0.5725567620927937,within_unit,0.5,0.15,2,0.9090909090909091,11,0,5
pww_like,15,0.6913210183621661,0.5725567620927937,within_unit,0.5,0.3,2,2.0454545454545454,5,0,7
pww_like,15,0.6913210183621661,0.5725567620927937,within_unit,0.5,0.5,2,3.3636363636363638,3,1,8
pww_like,15,0.6913210183621661,0.5725567620927937,within_unit,0.8,0.15,2,1.0,11,0,5
pww_like,15,0.6913210183621661,0.5725567620927937,within_unit,0.8,0.3,2,2.227272727272727,7,0,7
pww_like,15,0.6913210183621661,0.5725567620927937,within_unit,0.8,0.5,2,3.8181818181818183,2,2,8
pww_like,16,0.6792518962327676,0.5725567620927937,global_linear,0.5,0.15,13,0.22727272727272727,21,0,2
pww_like,16,0.6792518962327676,0.5725567620927937,global_linear,0.5,0.3,13,0.22727272727272727,21,0,2
pww_like,16,0.6792518962327676,0.5725567620927937,global_linear,0.5,0.5,13,0.22727272727272727,21,0,2
pww_like,16,0.6792518962327676,0.5725567620927937,global_linear,0.8,0.15,13,0.36363636363636365,20,1,3
pww_like,16,0.6792518962327676,0.5725567620927937,global_linear,0.8,0.3,13,0.36363636363636365,20,1,3
pww_like,16,0.6792518962327676,0.5725567620927937,global_linear,0.8,0.5,13,0.36363636363636365,20,1,3
pww_like,16,0.6792518962327676,0.5725567620927937,vector,0.5,0.15,21,0.0,22,0,1
pww_like,16,0.6792518962327676,0.5725567620927937,vector,0.5,0.3,21,0.0,22,0,1
pww_like,16,0.6792518962327676,0.5725567620927937,vector,0.5,0.5,21,0.0,22,0,1
pww_like,16,0.6792518962327676,0.5725567620927937,vector,0.8,0.15,21,0.3181818181818182,21,1,2
pww_like,16,0.6792518962327676,0.5725567620927937,vector,0.8,0.3,21,0.3181818181818182,21,1,2
pww_like,16,0.6792518962327676,0.5725567620927937,vector,0.8,0.5,21,0.3181818181818182,21,1,2
pww_like,16,0.6792518962327676,0.5725567620927937,within_unit,0.5,0.15,2,0.9090909090909091,11,0,4
pww_like,16,0.6792518962327676,0.5725567620927937,within_unit,0.5,0.3,2,2.1363636363636362,5,1,7
pww_like,16,0.6792518962327676,0.5725567620927937,within_unit,0.5,0.5,2,3.5454545454545454,4,5,7
pww_like,16,0.6792518962327676,0.5725567620927937,within_unit,0.8,0.15,2,0.9545454545454546,10,0,4
pww_like,16,0.6792518962327676,0.5725567620927937,within_unit,0.8,0.3,2,2.1818181818181817,5,1,7
pww_like,16,0.6792518962327676,0.5725567620927937,within_unit,0.8,0.5,2,3.8636363636363638,3,5,8
pww_like,17,0.6633854485668254,0.5725567620927937,global_linear,0.5,0.15,12,0.22727272727272727,21,0,2
pww_like,17,0.6633854485668254,0.5725567620927937,global_linear,0.5,0.3,12,0.22727272727272727,21,0,2
pww_like,17,0.6633854485668254,0.5725567620927937,global_linear,0.5,0.5,12,0.22727272727272727,21,0,2
pww_like,17,0.6633854485668254,0.5725567620927937,global_linear,0.8,0.15,12,0.2727272727272727,21,0,2
pww_like,17,0.6633854485668254,0.5725567620927937,global_linear,0.8,0.3,12,0.2727272727272727,21,0,2
pww_like,17,0.6633854485668254,0.5725567620927937,global_linear,0.8,0.5,12,0.2727272727272727,21,0,2
pww_like,17,0.6633854485668254,0.5725567620927937,vector,0.5,0.15,21,0.045454545454545456,21,0,2
pww_like,17,0.6633854485668254,0.5725567620927937,vector,0.5,0.3,21,0.045454545454545456,21,0,2
pww_like,17,0.6633854485668254,0.5725567620927937,vector,0.5,0.5,21,0.045454545454545456,21,0,2
pww_like,17,0.6633854485668254,0.5725567620927937,vector,0.8,0.15,21,0.2727272727272727,21,0,2
pww_like,17,0.6633854485668254,0.5725567620927937,vector,0.8,0.3,21,0.2727272727272727,21,0,2
pww_like,17,0.6633854485668254,0.5725567620927937,vector,0.8,0.5,21,0.2727272727272727,21,0,2
pww_like,17,0.6633854485668254,0.5725567620927937,within_unit,0.5,0.15,2,0.9545454545454546,9,0,4
pww_like,17,0.6633854485668254,0.5725567620927937,within_unit,0.5,0.3,2,2.0454545454545454,4,0,7
pww_like,17,0.6633854485668254,0.5725567620927937,within_unit,0.5,0.5,2,3.5454545454545454,2,2,8
pww_like,17,0.6633854485668254,0.5725567620927937,within_unit,0.8,0.15,2,0.9545454545454546,9,0,5
pww_like,17,0.6633854485668254,0.5725567620927937,within_unit,0.8,0.3,2,2.272727272727273,3,0,7
pww_like,17,0.6633854485668254,0.5725567620927937,within_unit,0.8,0.5,2,3.909090909090909,2,2,8
pww_like,18,0.6750416757564692,0.5725567620927937,global_linear,0.5,0.15,15,0.3181818181818182,21,1,2
pww_like,18,0.6750416757564692,0.5725567620927937,global_linear,0.5,0.3,15,0.3181818181818182,21,1,2
pww_like,18,0.6750416757564692,0.5725567620927937,global_linear,0.5,0.5,15,0.3181818181818182,21,1,2
pww_like,18,0.6750416757564692,0.5725567620927937,global_linear,0.8,0.15,15,0.36363636363636365,20,1,3
pww_like,18,0.6750416757564692,0.5725567620927937,global_linear,0.8,0.3,15,0.36363636363636365,20,1,3
pww_like,18,0.6750416757564692,0.5725567620927937,global_linear,0.8,0.5,15,0.36363636363636365,20,1,3
pww_like,18,0.6750416757564692,0.5725567620927937,vector,0.5,0.15,21,0.0,22,0,1
pww_like,18,0.6750416757564692,0.5725567620927937,vector,0.5,0.3,21,0.0,22,0,1
pww_like,18,0.6750416757564692,0.5725567620927937,vector,0.5,0.5,21,0.0,22,0,1
pww_like,18,0.6750416757564692,0.5725567620927937,vector,0.8,0.15,21,0.3181818181818182,21,1,2
pww_like,18,0.6750416757564692,0.5725567620927937,vector,0.8,0.3,21,0.3181818181818182,21,1,2
pww_like,18,0.6750416757564692,0.5725567620927937,vector,0.8,0.5,21,0.3181818181818182,21,1,2
pww_like,18,0.6750416757564692,0.5725567620927937,within_unit,0.5,0.15,2,0.9090909090909091,12,0,5
pww_like,18,0.6750416757564692,0.5725567620927937,within_unit,0.5,0.3,2,2.1363636363636362,6,0,7
pww_like,18,0.6750416757564692,0.5725567620927937,within_unit,0.5,0.5,2,3.6363636363636362,2,3,8
pww_like,18,0.6750416757564692,0.5725567620927937,within_unit,0.8,0.15,2,1.0,13,0,5
pww_like,18,0.6750416757564692,0.5725567620927937,within_unit,0.8,0.3,2,2.3181818181818183,6,0,7
pww_like,18,0.6750416757564692,0.5725567620927937,within_unit,0.8,0.5,2,4.045454545454546,2,3,8
pww_like,19,0.6611475807771001,0.5725567620927937,global_linear,0.5,0.15,16,0.13636363636363635,21,0,2
pww_like,19,0.6611475807771001,0.5725567620927937,global_linear,0.5,0.3,16,0.13636363636363635,21,0,2
pww_like,19,0.6611475807771001,0.5725567620927937,global_linear,0.5,0.5,16,0.13636363636363635,21,0,2
pww_like,19,0.6611475807771001,0.5725567620927937,global_linear,0.8,0.15,16,0.3181818181818182,21,1,2
pww_like,19,0.6611475807771001,0.5725567620927937,global_linear,0.8,0.3,16,0.3181818181818182,21,1,2
pww_like,19,0.6611475807771001,0.5725567620927937,global_linear,0.8,0.5,16,0.3181818181818182,21,1,2
pww_like,19,0.6611475807771001,0.5725567620927937,vector,0.5,0.15,21,0.045454545454545456,21,0,2
pww_like,19,0.6611475807771001,0.5725567620927937,vector,0.5,0.3,21,0.045454545454545456,21,0,2
pww_like,19,0.6611475807771001,0.5725567620927937,vector,0.5,0.5,21,0.045454545454545456,21,0,2
pww_like,19,0.6611475807771001,0.5725567620927937,vector,0.8,0.15,21,0.3181818181818182,21,1,2
pww_like,19,0.6611475807771001,0.5725567620927937,vector,0.8,0.3,21,0.3181818181818182,21,1,2
pww_like,19,0.6611475807771001,0.5725567620927937,vector,0.8,0.5,21,0.3181818181818182,21,1,2
pww_like,19,0.6611475807771001,0.5725567620927937,within_unit,0.5,0.15,2,0.9090909090909091,8,0,4
pww_like,19,0.6611475807771001,0.5725567620927937,within_unit,0.5,0.3,2,2.0,7,0,7
pww_like,19,0.6611475807771001,0.5725567620927937,within_unit,0.5,0.5,2,3.5,4,2,8
pww_like,19,0.6611475807771001,0.5725567620927937,within_unit,0.8,0.15,2,1.0,10,0,5
pww_like,19,0.6611475807771001,0.5725567620927937,within_unit,0.8,0.3,2,2.272727272727273,6,1,8
pww_like,19,0.6611475807771001,0.5725567620927937,within_unit,0.8,0.5,2,3.8181818181818183,3,3,8
